candidate_id,client,vendor,url,short_description,assumed_industry,assumed_process,decision,reason
ru-mf-severstal-cv-quality-01,Северсталь (ЧерМК),Северсталь Диджитал,https://up-pro.ru/library/information_systems/automation_production/kompyuternoe-zreniei-opyt-severstali/,Система автоматической аттестации проката Sherlock на базе компьютерного зрения,manufacturing/metallurgy,cv-inspection,included,"Названный клиент, конкретное внедрение, измеримый масштаб"
ru-mf-mmk-temp-forecast-01,ММК,ММК-Информсервис (Центр ИИ ММК),https://platforms.su/project/3022,ML-помощник прогнозирования температуры металла в электросталеплавильном цехе,manufacturing/metallurgy,forecasting,included,"Названный клиент и внедрение, но без цифр по проекту"
ru-mf-mmk-motor-diagnostics-01,ММК,не указан,https://www.tadviser.ru/index.php/Статья:TAdviser_SummIT_2026:_секция_Искусственный_интеллект,Система диагностики электродвигателей ММК (упомянута на конференции TAdviser),manufacturing/metallurgy,predictive-maintenance,rejected,unverifiable
ru-mf-nlmk-ferroalloy-advisor-01,НЛМК,Инфосистемы Джет,https://lipetsk.nlmk.com/ru/media-center/press-releases/nlmk-vnedril-sistemu-iskusstvennogo-intellekta-v-pomoshch-stalevaru/,ИИ-советчик сталевара по дозировке ферросплавов,manufacturing/metallurgy,optimization,included,"Первичный источник клиента, ожидаемый эффект указан явно"
ru-mf-evraz-zsmk-predictive-01,ЕВРАЗ ЗСМК,не указан (внутренняя разработка),https://www.cnews.ru/news/line/2026-08-07_prediktivnaya_diagnostika,Ситуационно-аналитический центр предиктивной диагностики оборудования,manufacturing/metallurgy,predictive-maintenance,included,"Измеренная экономия 269-270 млн руб., два независимых СМИ"
ru-mf-rusal-ingot-cv-01,РУСАЛ,РУСАЛ ИТЦ,https://rusal.ru/press-center/press-releases/rusal-nachal-primenyat-iskusstvennyy-intellekt-dlya-analiza-kachestva-alyuminievykh-slitkov/,ИИ-анализ микроструктуры алюминиевых слитков,manufacturing/metallurgy,quality-control,included,"Первичный источник клиента, чёткое измеренное до/после"
ru-mf-rusal-eltm-monitoring-01,РУСАЛ,РУСАЛ ИТЦ,https://rusal.ru/press-center/press-releases/rusal-vnedryaet-iskusstvennyy-intellekt-v-globalnuyu-sistemu-monitoringa-alyuminievogo-proizvodstva/,Интеграция ИИ в систему мониторинга электролиза ELTM,manufacturing/metallurgy,optimization,included,"Названный клиент, реальное внедрение, но без количественного результата"
ru-mf-rusal-melt-prep-01,РУСАЛ,РУСАЛ ИТЦ,https://rusal.ru/press-center/press-releases/rusal-vnedryaet-iskusstvennyy-intellekt-dlya-kontrolya-za-proizvodstvom-splavov/,Контроль последовательности операций приготовления сплава (до 20 операций) нейросетью,manufacturing/metallurgy,quality-control,rejected,unverifiable
ru-mf-omk-wheelset-01,ОМК,ОМК ИТ,https://www.novostiitkanala.ru/news/detail.php?ID=196773,Автоматизация сбора данных диагностики колёсных пар (без ИИ/ML),manufacturing/metallurgy,quality-control,rejected,not_ai
ru-mf-tmh-weld-inspection-01,ТМХ (Трансмашхолдинг),2050-Интегратор,https://www.metalinfo.ru/ru/news/123213,Роботизированный комплекс контроля сварных швов на основе нейросети (Тверской вагоностроительный завод),manufacturing/machinery,cv-inspection,rejected,source_unavailable
ru-mf-odk-saturn-blade-cv-01,ОДК-Сатурн,Точка зрения,https://www.comnews.ru/digital-economy/content/245820/2026-06-11/2026-w24/1012/odk-vnedrila-ii-dlya-kontrolya-lopatok-dvigatelya-pd-8,Роботизированный комплекс «Точка контроля» для контроля лопаток двигателя ПД-8,manufacturing/aerospace-defense,cv-inspection,included,"Названный клиент и вендор, конкретный масштаб и заявленные результаты"
ru-mf-odk-turbine-predictive-01,ОДК,не указан,https://rostec.ru/media/news/odk-primenyaet-iskusstvennyy-intellekt-dlya-predikativnoy-diagnostiki-gazoturbinnykh-dvigateley-/,Предиктивная диагностика газотурбинных двигателей ОДК,manufacturing/aerospace-defense,predictive-maintenance,rejected,duplicate
ru-mf-sveza-safety-cv-01,Свеза,не указан,https://www.comnews.ru/digital-economy/content/246400/2026-07-14/2026-w29/1012/sveza-usilila-bezopasnost-proizvodstva-pomoschyu-cifrovykh-tekhnologiy,Система контроля сближения транспорт-человек на погрузчиках и лидары безопасности,manufacturing/pulp-paper,security,included,"Названный клиент, реальное внедрение, без метрик"
ru-mf-segezha-iot-dispatch-01,Сегежа Групп,Сегежа Цифровые Решения,https://www.cnews.ru/news/line/2026-03-05_segezha_grupp_razrabotala,Централизованная диспетчеризация производственных линий на IoT,manufacturing/pulp-paper,scheduling-dispatching,rejected,not_ai
ru-mf-sinara-sber-hackathon-01,Группа Синара,Сбер,https://www.sinara-group.com/media/news/sber-i-gruppa-sinara-razrabotali-bolee-40-stsenariev-primeneniya-gigachat-v-promyshlennosti/,Хакатон по сценариям применения GigaChat в промышленности,manufacturing/machinery,operations-copilot,rejected,announcement_only
ru-mf-kamaz-paint-cv-01,КАМАЗ,KAMAZ Digital,https://kamaz.ru/press/news/kompyuternoe_zrenie_ot_kamaz_digital_dlya_kontrolya_kachestva_na_kamaze/,Компьютерное зрение для контроля качества грунтовки кузовных деталей,manufacturing/automotive,cv-inspection,included,"Первичный источник клиента, измеренная точность пилота"
ru-mf-kamaz-welding-robots-01,КАМАЗ,не указан,https://prokazan.ru/novosti-tatarstana/view/kamaz-primenaet-nejroseti-v-proizvodstve-i-razrabotke,Сварочные роботы на конвейере и нейросети для анализа производительности цехов,manufacturing/automotive,quality-control,rejected,no_result
ru-mf-sibur-ai-lab-pricing-01,СИБУР,не указан (внутренняя Лаборатория ИИ),https://platforms.su/project/3059,Рекомендательная система ценообразования на 30+ продуктов,manufacturing/chemicals,pricing,included,"Названный клиент, измеренный совокупный эффект портфеля, но не по отдельному решению"
ru-mf-sibur-gigachat-upskilling-01,СИБУР,Сбер (GigaChat),https://platforms.su/project/2827,Корпоративный апскиллинг персонала с GigaChat (Лаборатория ИИ),manufacturing/chemicals,training-onboarding,rejected,out_of_scope
ru-mf-nornickel-cv-mining-01,Норникель,не указан,https://www.mining-portal.ru/news/company_news/-nornikel--vnedryaet-kompyuternoe-zrenie--avtomaticheskie-algoritmyi-i-tsifrovyie-dvoyniki-/,Компьютерное зрение и цифровые двойники на Талнахской обогатительной фабрике,mining-oil-gas,cv-inspection,rejected,out_of_scope
ru-mf-zyfra-generic-01,не указан (продуктовая страница),Zyfra (Цифра),https://medium.com/zyfra/predictive-maintenance-and-decision-support-systems-in-heavy-industry-2c587615b9b8,Общее описание продуктовых решений Zyfra для предиктивного обслуживания в тяжёлой промышленности,manufacturing/metallurgy,predictive-maintenance,rejected,no_client
us-mf-ge-aerospace-borescope-01,GE Aerospace,Waygate Technologies (Baker Hughes),https://www.geaerospace.com/news/press-releases/ge-aerospace-waygate-technologies-deliver-new-ai-assisted-commercial-jet-engine,ИИ-ассистированная бороскопическая инспекция авиадвигателей,manufacturing/aerospace-defense,cv-inspection,included,"Первичный источник клиента, чёткие измеренные проценты улучшения"
de-mf-bmw-vsas-cv-01,BMW Group,AWS (технологический партнёр),https://aws.amazon.com/solutions/case-studies/bmw-vsas-case-study/,Платформа Vision and Sound Analytics Service для контроля качества,manufacturing/automotive,quality-control,included,"Первичный кейс AWS, конкретные измеренные инфраструктурные метрики"
global-mf-bosch-maintenance-tractian-01,Bosch,Tractian,https://tractian.com/en/case-studies/bosch,Внутренний ИИ-инструмент mAIntenance + датчики Tractian для предиктивного обслуживания,manufacturing/industrial-production,predictive-maintenance,included,"Названный клиент, конкретные измеренные проценты, но завод/страна не раскрыты"
global-mf-bosch-rexroth-academic-01,Bosch Rexroth,не указан,https://www.researchgate.net/publication/372802236_Predictive_Maintenance_for_Hydraulic_Components_Bosch_Rexroth,Академическая публикация о предиктивном обслуживании гидравлических компонентов,manufacturing/machinery,predictive-maintenance,rejected,unverifiable
tw-mf-foxconn-nxvae-cv-01,Foxconn (Hon Hai),не указан (собственная разработка),https://www.foxconn.com/en-us/press-center/events/csr-events/533,NxVAE — визуальная инспекция дефектов на основе обучения без учителя,manufacturing/electronics,cv-inspection,included,"Первичный пресс-релиз клиента, конкретные заявленные цифры"
tw-mf-foxconn-huawei-case-01,Foxconn,Huawei,https://e.huawei.com/en/case-studies/industries/manufacturing/ai-quality-inspection-2023,Кейс Huawei о внедрении AI quality inspection на производстве Foxconn,manufacturing/electronics,cv-inspection,rejected,unverifiable
ca-mf-canfor-augury-pm-01,Canfor (Axis Mill),Augury,https://www.tipranks.com/news/private-companies/industrial-customer-case-highlights-predictive-maintenance-gains-at-augury,Вибрационный мониторинг Augury на новом ЦБП-заводе Canfor,manufacturing/pulp-paper,predictive-maintenance,included,"Названный клиент, конкретные измеренные цифры за первый год"
us-mf-augury-purina-01,Purina,Augury,https://www.augury.com/blog/machine-health/,Вибрационный мониторинг Augury на заводе Purina ($11 млн избежанных затрат в 2024),agriculture-food,predictive-maintenance,rejected,out_of_scope
de-mf-siemens-amberg-ai-01,Siemens (Electronics Works Amberg),не указан (внутренняя разработка),https://www.siemens.com/en-us/company/insights/electronics-digital-enterprise-future-technologies/,"ИИ-прогноз дефектов пайки, предиктивное обслуживание шпинделей и цифровой двойник линии",manufacturing/electronics,quality-control,included,"Первичный источник клиента, конкретные измеренные показатели качества и такта"
us-mf-siemens-senseye-generic-01,не указан (продуктовая платформа),Siemens (Senseye),https://www.gsdcouncil.org/blogs/next-gen-ai-in-action-siemens-elevates-predictive-maintenance-with-generative-ai,Общее описание платформы Senseye для предиктивного обслуживания (без конкретного клиента),manufacturing,predictive-maintenance,rejected,grade_d_marketing
us-mf-landing-ai-semiconductor-01,не указан (анонимный производитель полупроводников),Landing AI,https://landing.ai/wp-content/uploads/2021/11/LandingAI_CaseStudy_Semiconductors.pdf,Визуальная инспекция полупроводников LandingLens (клиент анонимен),electronics,cv-inspection,rejected,no_client
us-mf-aws-lookout-vision-generic-01,не указан (продуктовая страница),AWS,https://aws.amazon.com/blogs/machine-learning/amazon-lookout-for-vision-now-supports-visual-inspection-of-product-defects-at-the-edge/,Продуктовая страница Amazon Lookout for Vision для визуальной инспекции дефектов,manufacturing,cv-inspection,rejected,no_client
us-mf-ge-aerospace-child-ai-01,GE Aerospace,не указан,https://www.geaerospace.com/news/press-releases/ge-aerospace-researchers-demonstrate-ai-child-discovers-meaning-behind-objects-and,Исследовательский анонс ИИ «как ребёнок» распознающего смысл объектов и действий,aerospace-defense,research-development,rejected,no_implementation
