url,publisher,source_type,accessed,status,used_for
https://www.tadviser.ru/index.php/%D0%9F%D1%80%D0%BE%D0%B5%D0%BA%D1%82:%C2%AB%D0%93%D0%B0%D0%B7%D0%BF%D1%80%D0%BE%D0%BC_%D0%BD%D0%B5%D1%84%D1%82%D1%8C%C2%BB_%D0%B2%D0%BD%D0%B5%D0%B4%D1%80%D1%8F%D0%B5%D1%82_%D0%B8%D1%81%D0%BA%D1%83%D1%81%D1%81%D1%82%D0%B2%D0%B5%D0%BD%D0%BD%D1%8B%D0%B9_%D0%B8%D0%BD%D1%82%D0%B5%D0%BB%D0%BB%D0%B5%D0%BA%D1%82_%D0%BF%D1%80%D0%B8_%D0%BF%D0%BE%D0%B4%D0%B4%D0%B5%D1%80%D0%B6%D0%BA%D0%B5_%C2%AB%D0%AF%D0%BD%D0%B4%D0%B5%D0%BA%D1%81%D0%B0%C2%BB,TAdviser,media,2026-08-27,error,"попытка проверить кейс Газпром нефть + Яндекс, страница вернула 404"
https://exkavator.ru/mining/news/inf_news/145316_mashinnoe_zrenie_zashchitit_konveyernoe_oborudovanie_nornikelya.html,Exkavator.ru,media,2026-08-27,partial,"кейс машинного зрения на конвейерах Норникеля - текст статьи не получен, только навигация сайта"
https://www.cnews.ru/news/line/2026-02-26_sibur_uskoryaet_analiticheskie,CNews,media,2026-08-27,ok,ru-mn-sibur-cv-materials-01
https://www.alrosa.ru/press-center/news/2025/alrosa-vnedrit-iskusstvennyy-intellekt-v-poisk-mestorozhdeniy-almazov/,АЛРОСА,client,2026-08-27,ok,ru-mn-alrosa-exploration-ai-01
https://cio.osp.ru/news/260319-Gazprom-neft-ispolzuet-iskusstvennyy-intellekt-v-razrabotke-mestorozhdeniy,CIO/Открытые системы,media,2026-08-27,ok,ru-mn-gazpromneft-era-optima-01
https://up-pro.ru/library/information_systems/automation_production/iskusstvennyj-intellekt-opyt-tatnefti/,Up-pro.ru,media,2026-08-27,ok,ru-mn-tatneft-video-analytics-01
https://www.tadviser.ru/index.php/%D0%9F%D1%80%D0%BE%D0%B5%D0%BA%D1%82:%D0%A0%D1%83%D1%81%D0%B0%D0%BB_(%D0%98%D1%81%D0%BA%D1%83%D1%81%D1%81%D1%82%D0%B2%D0%B5%D0%BD%D0%BD%D1%8B%D0%B9_%D0%B8%D0%BD%D1%82%D0%B5%D0%BB%D0%BB%D0%B5%D0%BA%D1%82_(%D0%98%D0%98,_Artificial_intelligence,_AI)),"TAdviser, media, 2026-08-27",error,"попытка проверить кейсы Русал (электролиз/акустика), страница вернула 404"
https://www.comnews.ru/digital-economy/content/224564/2023-02-22/2023-w08/rosneft-vnedryaet-neyroseti-obrabotku-dannykh-seysmorazvedki,ComNews,media,2026-08-27,ok,ru-mn-rosneft-seismic-nn-01
https://bestpractice.ai/ai-case-study-best-practice/bhp_saves_$5.5m_by_predicting_mining_truck_maintenance_requirements_with_machine_learning,Best Practice AI,analyst,2026-08-27,partial,"вернул общий листинг кейсов, не конкретную статью про BHP"
https://gmggroup.org/wp-content/uploads/2023/12/2021-01-11-Rio-Tintos-Experience-with-Automation-and-People.pdf,GMG Group,analyst,2026-08-27,error,"PDF вернул пустое содержимое, кейс Rio Tinto AHS не подтверждён"
https://jpt.spe.org/equinor-says-ai-saved-it-130m-in-2025,JPT / Society of Petroleum Engineers,media,2026-08-27,ok,"no-mn-equinor-predictive-maintenance-01, no-mn-equinor-seismic-ai-02"
https://www.mckinsey.com/capabilities/mckinsey-digital/our-insights/freeport-mcmoran-turns-data-into-value,McKinsey,analyst,2026-08-27,error,"HTTP 503, кейс Freeport-McMoRan flotation не подтверждён (попытка 1 из 2)"
https://bestpractice.ai/ai-use-cases/case-studies/manufacturing-industrials/bhp-saves-5-5m-by-predicting-mining-truck-maintenance-requirements-with-machine-learning,Best Practice AI,analyst,2026-08-27,ok,au-mn-bhp-truck-maintenance-01
https://www.mckinsey.com/capabilities/mckinsey-digital/our-insights/freeport-mcmoran-turns-data-into-value,McKinsey,analyst,2026-08-27,error,"HTTP 503, кейс Freeport-McMoRan flotation не подтверждён (попытка 2 из 2)"
https://www.businesswire.com/news/home/20210914006181/en/,BusinessWire,media,2026-08-27,ok,"открыт, но оказался анонсом MOU Rio Tinto/Caterpillar, а не кейсом работающей системы - отклонён (announcement_only)"
https://www.slb.com/resource-library/case-study-with-navigation/di/eni-using-digital-ai-and-automation-to-drill-beyond-limits,SLB,vendor,2026-08-27,partial,"вернул только навигацию сайта, текст кейса Eni не получен"
https://www.riotinto.com/en/news/stories/autonomous-trucks-safety,Rio Tinto,client,2026-08-27,error,"404, страница не существует по данному URL"
https://c3.ai/customers/shell/,C3.ai,vendor,2026-08-27,ok,uk-mn-shell-c3ai-maintenance-01
https://up-pro.ru/library/information_systems/automation_production/kak-ii-sledit-za-narusheniyami/,Up-pro.ru,media,2026-08-27,ok,ru-mn-nornickel-kgmk-cv-01
https://www.comnews.ru/digital-economy/content/202357/2019-10-15/2019-w42/vist-grupp-vnedrit-avtomatizirovannuyu-sistemu-dispetcherizacii-taldinskom-mestorozhdeniya,ComNews,media,2026-08-27,ok,ru-mn-vistgroup-dispatch-01
https://www.mckinsey.com/industries/metals-and-mining/how-we-help-clients/inside-a-mining-companys-ai-transformation,McKinsey,analyst,2026-08-27,error,"HTTP 503, альтернативная попытка подтвердить кейс Freeport-McMoRan"
https://www.bakerhughes.com/bhc3/case-study/enterprise-ai-inventory-optimization,Baker Hughes / BHC3,vendor,2026-08-27,ok,us-mn-bakerhughes-inventory-01
https://www.comnews.ru/content/246307/2026-07-09/2026-w28/1009/gazprom-neft-razrabatyvaet-ii-pomoschnika-dlya-upravleniya-dobychey,ComNews,media,2026-08-27,ok,ru-mn-gazpromneft-ai-assistant-02
https://dprom.online/mining/byespeelotniye-samosvali-ee-eeskusstvyenniyi-eentyellyekt-v-rosseeyiskeeh-shahtah/,Dprom.online,media,2026-08-27,error,"пустое содержимое страницы, кейс СУЭК беспилотные самосвалы не подтверждён"
https://www.e-mj.com/departments/processing-solutions/agile-approach-to-process-optimization-pays-off-for-copper-producer/,E&MJ,media,2026-08-27,blocked,"HTTP 403, альтернативная попытка подтвердить кейс Freeport-McMoRan flotation"
https://www.researchgate.net/publication/369378628_Rio_Tinto_Autonomous_Haulage_System,ResearchGate,academic,2026-08-27,blocked,"HTTP 403, альтернативная попытка подтвердить кейс Rio Tinto AHS"
https://nornickel.digital/cifra_v_nornikele/nornikel_nachal_ispolzovat_sistemu_videokontrolya_sredstv_individualnojj_zashhity,Nornickel.digital,client,2026-08-27,ok,ru-mn-nornickel-ppe-cv-02
https://www.comnews.ru/content/238217/2025-03-12/2025-w11/1018/polyus-pereosmyslivaet-buduschee-zolotodobychi-kak-iskusstvennyy-intellekt-cifrovizaciya-i-importozameschenie-menyayut-odnu-konservativnykh-otrasley-rossii,ComNews,media,2026-08-27,ok,"попытка проверить кейс Полюс - недостаточно деталей, отклонён (no_result)"
