date,naive,perfect,perfect_nodis5,perfect_nochg5,perfect_nodis10,perfect_nochg10,perfect_nodis20,perfect_nochg20,naive_E10,perfect_E10,naive_E40,perfect_E40,naive_rte85,perfect_rte85,naive_rte92,perfect_rte92,realistic,realistic_nodis5,realistic_nochg5,realistic_nodis10,realistic_nochg10,realistic_nodis20,realistic_nochg20,realistic_E10,realistic_E40,realistic_rte85,realistic_rte92,persist,days
2025-01-01,32093.0,57455.0,56151.0,57455.0,53184.0,57455.0,43709.0,57455.0,15983.0,30521.0,55048.0,98697.0,29554.0,53902.0,35361.0,62043.0,,,,,,,,,,,,43978.0,31
2025-02-01,65748.0,84330.0,76886.0,84330.0,69647.0,84330.0,51573.0,84330.0,31623.0,45159.0,109879.0,142513.0,62901.0,80158.0,69428.0,89761.0,,,,,,,,,,,,75192.0,28
2025-03-01,55412.0,71133.0,65082.0,71133.0,55858.0,71133.0,37826.0,71133.0,26952.0,38032.0,95075.0,119532.0,53810.0,68907.0,57490.0,74054.0,,,,,,,,,,,,59630.0,31
2025-04-01,28533.0,64913.0,60276.0,64913.0,51284.0,64913.0,36979.0,64913.0,8292.0,34334.0,73363.0,109201.0,27808.0,63586.0,29481.0,66665.0,58740.0,54791.0,58740.0,44008.0,58742.0,32753.0,58843.0,30260.0,101840.0,57481.0,60299.0,59010.0,30
2025-05-01,18443.0,51437.0,49962.0,51437.0,43487.0,51437.0,27495.0,51437.0,5370.0,27576.0,57193.0,84269.0,18085.0,50537.0,18913.0,52606.0,48284.0,47263.0,48284.0,40235.0,48284.0,23575.0,48340.0,24312.0,80202.0,47363.0,49569.0,48293.0,31
2025-06-01,47399.0,81932.0,80641.0,81932.0,74307.0,81931.0,42701.0,81932.0,18738.0,42398.0,115829.0,145331.0,45936.0,79960.0,49302.0,84594.0,76781.0,75598.0,76780.0,69287.0,76766.0,37939.0,77224.0,38646.0,137268.0,75146.0,79592.0,77142.0,30
2025-07-01,32527.0,66494.0,65744.0,66494.0,61720.0,66494.0,35022.0,66480.0,11490.0,34376.0,85139.0,115919.0,31001.0,64238.0,34503.0,69651.0,60839.0,60863.0,60836.0,57046.0,60841.0,28891.0,60794.0,30969.0,108108.0,58781.0,63807.0,61104.0,31
2025-08-01,50480.0,72027.0,69626.0,72028.0,64002.0,72027.0,39769.0,72027.0,21000.0,37498.0,110040.0,129086.0,49026.0,69957.0,52370.0,74990.0,67752.0,66454.0,67752.0,60760.0,67752.0,35721.0,67752.0,35091.0,124624.0,65739.0,70391.0,67374.0,31
2025-09-01,58918.0,81479.0,74185.0,81479.0,64924.0,81479.0,42642.0,81479.0,24767.0,43482.0,122099.0,142939.0,57467.0,79214.0,60808.0,84575.0,76735.0,69327.0,76732.0,60521.0,76735.0,36749.0,76855.0,40377.0,136289.0,74825.0,79901.0,76219.0,30
2025-10-01,59409.0,80195.0,71345.0,80195.0,62900.0,80195.0,47449.0,80180.0,25565.0,43162.0,109982.0,138033.0,57489.0,77423.0,61900.0,83818.0,74432.0,65109.0,74431.0,57636.0,74547.0,42629.0,74531.0,38817.0,131306.0,71831.0,78140.0,71774.0,30
2025-11-01,54217.0,69321.0,66901.0,69321.0,63719.0,69321.0,53222.0,69321.0,26932.0,36630.0,91802.0,124604.0,52816.0,67166.0,56035.0,72131.0,60793.0,58883.0,60817.0,55692.0,60851.0,46767.0,60850.0,30738.0,113097.0,58698.0,63612.0,59285.0,29
2025-12-01,23663.0,39571.0,37443.0,39571.0,35555.0,39571.0,30332.0,39571.0,10756.0,21277.0,39340.0,67874.0,21653.0,36715.0,26249.0,43329.0,31647.0,30635.0,31639.0,29539.0,31659.0,23125.0,31653.0,16070.0,58855.0,28734.0,35358.0,26845.0,31
2026-01-01,25928.0,43812.0,41360.0,43812.0,38740.0,43812.0,30841.0,43812.0,12343.0,23601.0,43239.0,75336.0,24008.0,41304.0,28401.0,47175.0,34760.0,34048.0,34762.0,31644.0,34769.0,24322.0,34754.0,17355.0,64694.0,32256.0,38124.0,28806.0,31
2026-02-01,45312.0,58396.0,52773.0,58396.0,42879.0,58395.0,25744.0,58395.0,21856.0,30885.0,75121.0,98974.0,44566.0,57455.0,46288.0,59623.0,54964.0,49525.0,54966.0,39220.0,54966.0,23520.0,54964.0,28433.0,95875.0,54056.0,55871.0,53127.0,28
2026-03-01,57709.0,72512.0,63526.0,72509.0,54134.0,72471.0,34546.0,72452.0,26468.0,39108.0,99683.0,121884.0,56433.0,70753.0,59371.0,74811.0,68582.0,60279.0,68589.0,51224.0,68588.0,30442.0,68602.0,35379.0,119531.0,66689.0,71104.0,66554.0,31
2026-04-01,41481.0,69325.0,66584.0,69234.0,60896.0,69234.0,37684.0,69181.0,15416.0,36524.0,96267.0,124871.0,40406.0,67675.0,42886.0,71549.0,66282.0,63680.0,66231.0,58060.0,66228.0,34720.0,66262.0,34341.0,121156.0,64585.0,68580.0,65180.0,30
2026-05-01,48320.0,85476.0,84665.0,85289.0,79530.0,85289.0,44406.0,85178.0,17272.0,44568.0,118762.0,156249.0,46997.0,83384.0,50050.0,88305.0,82053.0,81915.0,82083.0,77056.0,82075.0,41295.0,82169.0,42095.0,152412.0,80056.0,84859.0,81240.0,31
2026-06-01,46425.0,87324.0,86967.0,87251.0,83113.0,87250.0,48796.0,87142.0,16178.0,45609.0,117200.0,158203.0,44798.0,85074.0,48544.0,90472.0,82174.0,82354.0,82239.0,78928.0,82245.0,43904.0,82270.0,42163.0,151899.0,80224.0,85390.0,81475.0,30
2026-07-01,57485.0,97166.0,96262.0,97080.0,90730.0,97080.0,52539.0,97030.0,21849.0,51123.0,139074.0,176153.0,55088.0,94398.0,60595.0,101238.0,91806.0,91695.0,91860.0,86791.0,91860.0,48163.0,91920.0,46369.0,171744.0,89278.0,94833.0,92749.0,31
2026-08-01,99764.0,132202.0,128384.0,132198.0,120736.0,132199.0,76685.0,132098.0,41958.0,69104.0,209371.0,245124.0,97135.0,128829.0,103188.0,137231.0,126000.0,122862.0,125995.0,115874.0,125986.0,71396.0,125966.0,64076.0,238505.0,123478.0,129932.0,124749.0,31
2026-09-01,103247.0,132033.0,121507.0,132033.0,106230.0,132033.0,75304.0,131960.0,44033.0,70708.0,210815.0,232992.0,99516.0,126796.0,108087.0,139353.0,123116.0,112579.0,123113.0,98352.0,123119.0,67420.0,123133.0,65585.0,223131.0,120366.0,130968.0,123286.0,4
