компания,вакансия,город,зп_от,зп_до,сайт,ссылка
"""МТС"", Закупки и логистика",Менеджер по дебиторской задолженности,Москва,,,https://job.mts.ru/,https://hh.ru/vacancy/137190192
Avanta Россия,Старший специалист по работе с дебиторской задолженностью,Москва,,,http://avantarussia.ru/,https://hh.ru/vacancy/136259808
ELITE CAR,Специалист по взысканию просроченной задолженности / Менеджер по работе с дебиторской задолженностью,Москва,100000,,http://elitecar.rent,https://hh.ru/vacancy/137924023
MAGELLAN TRANSPORT LOGISTIC,Экономист-аналитик по взысканию дебиторской задолженности,Краснодар,100000,,http://www.magellantrans.ru,https://hh.ru/vacancy/136991989
PROWAY,Финансовый менеджер по работе с дебиторской задолженностью (операционная работа),Москва,,,https://proway.tech/,https://hh.ru/vacancy/137302025
"Rambler&Co Компания ""Афиша""",Специалист по работе с дебиторской задолженностью («Афиша»),Москва,,,http://rambler-co.ru,https://hh.ru/vacancy/137869998
Russ,Кредитный контролер,Москва,160000,160000,http://www.russoutdoor.ru,https://hh.ru/vacancy/137526153
Syngenta,Менеджер по работе с дебиторской задолженностью,Москва,,,http://www.syngenta.com,https://hh.ru/vacancy/137871700
TrendAgent,Бухгалтер на участок дебиторской задолженности,Москва,120000,,https://trendagent.ru,https://hh.ru/vacancy/136959171
VVP Group,Специалист по взысканию дебиторской задолженности,Химки (Московская область),,,https://vvpgroup.com,https://hh.ru/vacancy/137582533
edna,Операционный менеджер (дебиторская задолженность),Москва,,120000,https://edna.ru/career/,https://hh.ru/vacancy/136861241
«Баланс-Платформа»,Юрисконсульт (взыскание дебиторской задолженности),Самара,,80000,https://balance-pl.ru/,https://hh.ru/vacancy/136176408
"АБСОЛЮТ, Эксплуатация",Руководитель урегулирования дебиторской задолженности жилищно-коммунальных услуг в ЖКХ,Москва,,,https://t.me/abslearning,https://hh.ru/vacancy/137876791
АВС ГРУПП,Юрисконсульт (по работе с дебиторской задолженностью),Екатеринбург,,,http://www.avsgroup.ru,https://hh.ru/vacancy/137834322
"АО ""Петербургская сбытовая компания"" (Энергосбыт, ЕИРЦ, НЭСК)","Ведущий юрист по взысканию дебиторской задолженности с юридических лиц,",Санкт-Петербург,119683,129273,https://interrao-oco.ru/,https://hh.ru/vacancy/136960379
"АО ""Петербургская сбытовая компания"" (Энергосбыт, ЕИРЦ, НЭСК)",Юрисконсульт отдела по взысканию дебиторской задолженности с юридических лиц,Санкт-Петербург,100494,107208,https://interrao-oco.ru/,https://hh.ru/vacancy/136337529
АйСи Инвест,Ведущий специалист по дебиторской задолженности,Краснодар,,,,https://hh.ru/vacancy/137869784
АйСи Инвест,Ведущий специалист по дебиторской задолженности,Ростов-на-Дону,,,,https://hh.ru/vacancy/137869783
АйСи Инвест,Ведущий специалист по дебиторской задолженности,Симферополь,,,,https://hh.ru/vacancy/136461095
Аравия,Специалист по работе с дебиторской задолженностью,Москва,,,https://aravia-prof.ru/,https://hh.ru/vacancy/137354009
"Банк ВТБ (ПАО), Корпоративно-инвестиционный бизнес",Финансовый контролер по кредитным продуктам Финансового департамента,Москва,,,https://rabota.vtb.ru/,https://hh.ru/vacancy/137368059
Барнаульский водоканал,Ведущий специалист группы по работе с дебиторской задолженностью,Барнаул,55000,,http://barnaul.rosvodokanal.ru,https://hh.ru/vacancy/137956842
БизнесМетр (ИП Осипова Анна Рафаэловна),Финансовый менеджер/специалист по работе с дебиторской задолженностью,Москва,120000,,,https://hh.ru/vacancy/137125196
БорисХоф,Специалист кредитного контроля,Москва,,,http://borishof.ru/,https://hh.ru/vacancy/137941171
Брусника,Специалист по взысканию дебиторской задолженности,Сургут,,,http://brusnika.ru,https://hh.ru/vacancy/137909960
Веселый Водовоз,Менеджер отдела дебиторской задолженности,Санкт-Петербург,75000,75000,,https://hh.ru/vacancy/137909296
Вестинтертранс,Бухгалтер по дебиторской задолженности,Смоленск,,,,https://hh.ru/vacancy/137212982
Водоканал ГУП СПб,Аналитик данных по работе с дебиторской задолженностью (Excel),Санкт-Петербург,124000,150000,http://www.vodokanal.spb.ru,https://hh.ru/vacancy/137765291
Водоканал ГУП СПб,Специалист по работе с дебиторской задолженностью,Санкт-Петербург,110000,113000,http://www.vodokanal.spb.ru,https://hh.ru/vacancy/137858928
Волгоградэнергосбыт,Специалист отдела судебного взыскания дебиторской задолженности,Волгоград,43969,,http://www.energosale.ru,https://hh.ru/vacancy/137726724
Вольгинский Завод Литьевых Пластмасс,Специалист по контролю дебиторской задолженности,Вольгинский,80000,,http://www.vzlp.ru,https://hh.ru/vacancy/137508691
Вольгинский Завод Литьевых Пластмасс,Специалист по контролю дебиторской задолженности,Москва,80000,,http://www.vzlp.ru,https://hh.ru/vacancy/137508690
Восток-лизинг,Руководитель юридического отдела по правовому сопровождению работы с дебиторской задолженностью,Казань,,250000,http://www.v-leasing.ru,https://hh.ru/vacancy/137522813
ГЕКТОР,Юрист по работе с дебиторской задолженностью,Новосибирск,,,http://gektor-nsk.ru,https://hh.ru/vacancy/135697428
ГКУ Центр управления земельными ресурсами,Специалист отдела взыскания дебиторской задолженности,Тверь,51000,66000,https://cuzr.tverreg.ru/,https://hh.ru/vacancy/133848893
ГОУП Мурманскводоканал,Юрисконсульт (по взысканию дебиторской задолженности с физических лиц),Мурманск,,74000,https://mvk051.ru/,https://hh.ru/vacancy/137245983
ГП КО Водоканал,Специалист по работе с дебиторской задолженностью (г. Черняховск),Черняховск,45000,45000,https://www.vk39.ru/o-vodokanale/vacancy/,https://hh.ru/vacancy/134571181
ГРИНВУД,Специалист по работе с дебиторской задолженностью,Москва,,,http://www.greenwoodpark.ru,https://hh.ru/vacancy/137758310
ГСП ЦЕНТР,Аналитик по управлению задолженностью (дебиторской/кредиторской),Санкт-Петербург,,,,https://hh.ru/vacancy/137971933
ГСП ЦЕНТР,Менеджер по управлению дебиторской задолженностью,Санкт-Петербург,,,,https://hh.ru/vacancy/135014059
ГУП Леноблводоканал,Специалист группы по работе с дебиторской задолженностью физических лиц,Санкт-Петербург,99100,99100,https://vodokanal-lo.ru/,https://hh.ru/vacancy/135877773
Газпромнефть-Региональные продажи,Специалист по кредитному контролю,Санкт-Петербург,,,https://gpn-trade.ru/,https://hh.ru/vacancy/137445769
Главстрой Санкт-Петербург,Юрисконсульт по взысканию дебиторской задолженности,Санкт-Петербург,70000,,http://glavstroy-spb.ru/,https://hh.ru/vacancy/137445993
"Горводоканал, МУП г.Новосибирска",Специалист по взысканию дебиторской задолженности,Новосибирск,50000,50000,https://www.gorvodokanal.com/,https://hh.ru/vacancy/136426966
Гранель,Ведущий специалист по сопровождению дебиторской задолженности,Москва,143678,143678,http://granelle.ru/,https://hh.ru/vacancy/137904175
Группа КОМФОРТ,Руководитель управления по работе с дебиторской задолженностью,Москва,,,http://www.comfort-group.ru,https://hh.ru/vacancy/137419624
Группа компаний «Офисная почтовая служба»,Менеджер по работе с дебиторской задолженностью / Бухгалтер на первичную документацию,Москва,80000,95000,http://www.opspost.ru,https://hh.ru/vacancy/137794381
Группа компаний ЕКС,Начальник отдела (Отдел анализа и контроля дебиторской задолженности),Москва,250000,250000,https://www.aoeks.ru/,https://hh.ru/vacancy/137327284
Группа сельскохозяйственных предприятий,Менеджер по контролю дебиторской задолжностью,Брянск,,,,https://hh.ru/vacancy/137710895
Дизайн Сервис,Специалист по взысканию дебиторской задолженности,Махачкала,80000,100000,https://designservis.ru/company/,https://hh.ru/vacancy/137806150
ЕВРАЗ. Руководители и эксперты в офисе,Руководитель группы учета дебиторской и кредиторской задолженности,Новокузнецк,,,https://www.evraz.com/ru/,https://hh.ru/vacancy/136928238
Единый информационно-расчетный центр Санкт-Петербурга,Специалист по работе с дебиторской задолженностью за ЖКУ,Санкт-Петербург,72700,76600,https://eirc.spb.ru/,https://hh.ru/vacancy/137893164
ЖКС № 2 Красногвардейского района,Специалист абонентного отдела (направление взыскание дебиторской задолженности),Санкт-Петербург,60000,,http://zhlks2spb.ru,https://hh.ru/vacancy/137219694
Зетта Страхование,Руководитель направления по работе с платежами и дебиторской задолженностью,Москва,,,http://www.zettains.ru,https://hh.ru/vacancy/135623312
Илькаева Кристина Андреевна,Менеджер по работе с дебиторской задолженностью,Москва,10000,40000,,https://hh.ru/vacancy/137786613
Империя,Специалист по работе с дебиторской задолженностью,Санкт-Петербург,100000,,,https://hh.ru/vacancy/137900404
КОНТРОЛ лизинг,Специалист по работе с дебиторской задолженностью,Москва,,,http://www.ctrl.lc,https://hh.ru/vacancy/132835669
КФХ Герасимов Алексей Петрович,Бухгалтер по работе с дебиторской задолженностью,Якутск,100000,100000,,https://hh.ru/vacancy/137666881
Кенера,Специалист по работе с дебиторской задолженностью,Тюмень,,,http://kenera.ru,https://hh.ru/vacancy/137055703
Концессии водоснабжения - Геленджик,Юрисконсульт отдела по работе с дебиторской задолженностью,Геленджик,80000,,http://kv-gelendzhik.ru,https://hh.ru/vacancy/134967255
Концессии теплоснабжения,Ведущий специалист по взысканию дебиторской задолженности в судебном порядке (Ворошиловский район),Волгоград,64320,64320,http://teplovolgograd.ru/,https://hh.ru/vacancy/135534002
Крокус,Кредитный контролер,Рязань,50000,60000,http://flowers-crocus.ru,https://hh.ru/vacancy/136979785
ЛОГОПЕР,Специалист по работе с дебиторской задолженностью,Москва,135000,,http://www.logoper.ru,https://hh.ru/vacancy/136881824
ЛСР. Сервис,Ведущий юрисконсульт (по работе с дебиторской задолженностью),Санкт-Петербург,101600,,https://lsrservice.ru/career,https://hh.ru/vacancy/137042675
Логистика для Бизнеса,Специалист по взысканию дебиторской задолженности (юр. лиц),Нижний Новгород,70000,250000,http://l4b.group,https://hh.ru/vacancy/136900630
МАГНИТ,Ведущий юрисконсульт (отдел по взысканию дебиторской задолженности),Омск,58800,58800,http://www.magnit-tko.ru,https://hh.ru/vacancy/137581297
МК Лизинг,Главный специалист отдела по работе с дебиторской задолженностью,Краснодар,,,http://www.mkleasing.ru,https://hh.ru/vacancy/137296439
МК Лизинг,Главный специалист отдела по работе с дебиторской задолженностью,Москва,,,http://www.mkleasing.ru,https://hh.ru/vacancy/137296440
МК Лизинг,Главный специалист отдела по работе с дебиторской задолженностью,Нижний Новгород,,,http://www.mkleasing.ru,https://hh.ru/vacancy/137296438
МК Лизинг,Главный специалист отдела по работе с дебиторской задолженностью,Уфа,,,http://www.mkleasing.ru,https://hh.ru/vacancy/137296437
МУП Производственное объединение водоснабжения и водоотведения,Юрисконсульт в группу по работе с дебиторской задолженностью,Челябинск,57000,57000,,https://hh.ru/vacancy/136598343
Магазинофф Профиль,Менеджер / Специалист / Бухгалтер по работе дебиторской задолженностью и документообороту,Москва,,150000,http://www.bauline.ru,https://hh.ru/vacancy/137558083
Макарова Ксения Игоревна,Менеджер по работе с дебиторской задолженностью,Владивосток,60000,,,https://hh.ru/vacancy/137619520
Макарова Ксения Игоревна,Менеджер по работе с дебиторской задолженностью,Петропавловск-Камчатский,60000,,,https://hh.ru/vacancy/137619551
Макарова Ксения Игоревна,Менеджер по работе с дебиторской задолженностью,Уссурийск,60000,,,https://hh.ru/vacancy/137619506
Мастер-Проф,Юрист по взысканию дебиторской задолженности (ЖКХ),Москва,90000,,http://www.mkd-osnova.ru,https://hh.ru/vacancy/134671098
Медицинский центр Доброе Дело,Менеджер по взысканию дебиторской задолженности,Омск,60000,70000,http://dobroedelo.info/,https://hh.ru/vacancy/137511380
Межрегиональное бюро судебных экспертиз,Юрист по работе с дебиторской задолженностью,Москва,80000,,https://www.expert-domen.ru/,https://hh.ru/vacancy/135755401
Московская объединенная энергетическая компания,"Специалист (Экономист) отдела по работе с дебиторской задолженностью, м. Савеловская",Москва,,,http://www.moek.ru,https://hh.ru/vacancy/136449229
Невский экологический оператор,Специалист по работе с дебиторской задолженностью,Санкт-Петербург,71000,71000,https://spb-neo.ru/,https://hh.ru/vacancy/116884973
Нижновтеплоэнерго,Специалист отдела по работе с дебиторской задолженностью,Нижний Новгород,55000,,http://www.nnte.ru/,https://hh.ru/vacancy/136342326
Новосибирскэнергосбыт,Специалист исходящей линии по взысканию сложной дебиторской задолженности,Новосибирск,70000,,http://nskes.ru,https://hh.ru/vacancy/136166379
Новосибирскэнергосбыт,Специалист по работе с дебиторской задолженностью (ЮЛ),Новосибирск,50800,,http://nskes.ru,https://hh.ru/vacancy/137857306
ОАО Лизинговая компания «КАМАЗ»,Специалист по управлению дебиторской задолженностью,Набережные Челны,50000,,http://www.kamaz.ru,https://hh.ru/vacancy/137159184
ОмскВодоканал,Специалист по работе с дебиторской задолженностью,Омск,47000,,http://omskvodokanal.ru,https://hh.ru/vacancy/136395765
"ПАО ""Тамбовская энергосбытовая компания"" (Энергосбыт, ЕИРЦ, НЭСК)",Специалист по работе с дебиторской задолженностью,Тамбов,71705,78050,https://interrao-oco.ru/,https://hh.ru/vacancy/135855787
"ПАО «Газпром нефть» Финансы, экономика и стратегическое развитие",Руководитель направления по казначейству и кредитному контролю,Санкт-Петербург,,,http://www.gazprom-neft.ru,https://hh.ru/vacancy/137681871
ПИК Паркинг,Бухгалтер по работе с дебиторской задолженностью,Москва,80000,,,https://hh.ru/vacancy/135749751
ПКФ Эверест,Юрист (специалист по работе с дебиторской задолженностью),Краснодар,,,http://www.everestkrd.ru/,https://hh.ru/vacancy/137948872
РИОТЭКС,Менеджер по работе с дебиторской задолженностью,Москва,90000,120000,http://www.rioteks.ru,https://hh.ru/vacancy/132847215
РИОТЭКС,Специалист по работе с дебиторской задолженностью,Москва,110000,,http://www.rioteks.ru,https://hh.ru/vacancy/134305285
РИОТЭКС,Финансовый специалист по работе с дебиторской задолженностью,Москва,110000,,http://www.rioteks.ru,https://hh.ru/vacancy/133241492
РОВИ Факторинг Плюс,Менеджер по работе c дебиторами/кредитный контролер,Саратов,70000,,https://rowi.com,https://hh.ru/vacancy/134953609
РС-Групп,Специалист по урегулированию дебиторской задолженности,Набережные Челны,100000,170000,http://www.rstaxi-spb.ru,https://hh.ru/vacancy/136938885
Рекорд-Кар,Сотрудник службы безопасности по работе с дебиторской задолженностью,Москва,120000,200000,,https://hh.ru/vacancy/137958100
Ремез,Коллектор - Специалист по работе с дебиторской задолженностью,Краснодар,70000,150000,https://remez.biz/,https://hh.ru/vacancy/136879572
Россети Северо-Запад,Главный специалист отдела по работе с дебиторской задолженностью (департамент коммерческого учета),Санкт-Петербург,,,http://www.rosseti-sz.ru,https://hh.ru/vacancy/137900185
Российские Коммунальные Системы,Ведущий специалист группы по работе с дебиторской задолженностью физических лиц,Пенза,37100,,http://www.roscomsys.ru,https://hh.ru/vacancy/136851819
Российские Коммунальные Системы,Специалист 2-й категории группы по работе с дебиторской задолженностью физических лиц,Пенза,35400,,http://www.roscomsys.ru,https://hh.ru/vacancy/136851837
Российские Коммунальные Системы,Старший юрисконсульт группы по работе с дебиторской задолженностью физических лиц,Пенза,51400,51400,http://www.roscomsys.ru,https://hh.ru/vacancy/135815827
Российские Коммунальные Системы,Юрисконсульт по работе с дебиторской задолженностью,Березники,34000,42500,http://www.roscomsys.ru,https://hh.ru/vacancy/137104318
СИСТЭМ ЭЛЕКТРИК,Кредитный контролер,Москва,,,https://systeme.ru/,https://hh.ru/vacancy/137594943
СОЮЗ ЮРИСТОВ+,Менеджер по работе с дебиторской задолженностью,Великие Луки,30000,,,https://hh.ru/vacancy/137127610
Сбер для экспертов,Product Owner (сервис управления дебиторской задолженностью компаний),Москва,,,https://rabota.sber.ru/,https://hh.ru/vacancy/137526294
Сев-Зап Ресурс,Специалист по взысканию дебиторской задолженности,Санкт-Петербург,40000,250000,https://www.rassrochka-auto.ru/,https://hh.ru/vacancy/137006872
Северсталь. Сервисные компании,Специалист в отдел учета дебиторской задолженности,Ростов-на-Дону,,,http://www.severstal.com,https://hh.ru/vacancy/136736491
Сеть магазинов Дальнобойщик,Специалист по работе с дебиторской задолженностью,Барнаул,48000,55000,https://smtrucker.ru/,https://hh.ru/vacancy/133944021
Сеть розничных магазинов Добрынинский. Кондитерская и гастрономия.,Специалист по работе с дебиторской задолженностью,Москва,80000,100000,https://dobryninski.ru/,https://hh.ru/vacancy/136259466
Сибирская генерирующая Компания,Ведущий специалист отдела по работе с дебиторской задолженностью,Новомосковск (Тульская область),66990,87087,http://sibgenco.ru/,https://hh.ru/vacancy/137573325
Сибирская генерирующая Компания,Ведущий специалист отдела по работе с дебиторской задолженностью (юрист),Новомосковск (Тульская область),66990,87087,http://sibgenco.ru/,https://hh.ru/vacancy/137573113
Сибирская генерирующая Компания,Ведущий юрисконсульт отдела по работе с дебиторской задолженностью,Новомосковск (Тульская область),66990,87087,http://sibgenco.ru/,https://hh.ru/vacancy/137573166
Сибирская генерирующая Компания,Начальник отдела по работе с дебиторской задолженностью,Новомосковск (Тульская область),95700,124410,http://sibgenco.ru/,https://hh.ru/vacancy/137573429
Спецавтохозяйство,Юрисконсульт по взысканию дебиторской задолженности,Ижевск,50900,62800,https://регоператорудмуртии.рф/,https://hh.ru/vacancy/137111686
Спецавтохозяйство,Юрисконсульт по взысканию дебиторской задолженности физических лиц,Новосибирск,62000,62000,http://аосах.рф/,https://hh.ru/vacancy/137887729
Специализированное автомобильное хозяйство по уборке города,Заместитель начальника отдела по взысканию дебиторской задолженности,Уфа,72000,72000,http://sahufa.ru,https://hh.ru/vacancy/137159043
Стилметрикс,Специалист по работе с дебиторской задолженностью,Оренбург,70000,80000,http://steelmetrixx.ru/,https://hh.ru/vacancy/137742631
Т Плюс,Главный юрисконсульт Управления правовой работы с дебиторской задолженностью,Самара,,,http://www.tplusgroup.ru/,https://hh.ru/vacancy/137292605
Т Плюс,Контролер отдела по работе с дебиторской заложенностью,Орск,,,http://www.tplusgroup.ru/,https://hh.ru/vacancy/134061958
Т Плюс,Специалист Отдела по работе с дебиторской задолженностью физических лиц (Судебное направление),Оренбург,,,http://www.tplusgroup.ru/,https://hh.ru/vacancy/137616146
Т Плюс,Специалист по подготовке документов для взыскания дебиторской задолженности,Пермь,40000,50000,http://www.tplusgroup.ru/,https://hh.ru/vacancy/136895005
Т Плюс,Специалист по работе с дебиторской задолженностью,Белоярский (Свердловская область),50000,,http://www.tplusgroup.ru/,https://hh.ru/vacancy/136406605
Т Плюс,Специалист по работе с дебиторской задолженностью,Иваново (Ивановская область),,,http://www.tplusgroup.ru/,https://hh.ru/vacancy/137160709
Т Плюс,Специалист по работе с дебиторской задолженностью,Кирово-Чепецк,,,http://www.tplusgroup.ru/,https://hh.ru/vacancy/137064437
Т Плюс,Специалист по работе с дебиторской задолженностью ФЛ,Чебоксары,44000,54000,http://www.tplusgroup.ru/,https://hh.ru/vacancy/137371931
Т Плюс,Специалист по работе с дебиторской задолженностью юридических лиц,Киров (Кировская область),,,http://www.tplusgroup.ru/,https://hh.ru/vacancy/137064553
Т Плюс,Специалист по списанию с дебиторской задолженности,Киров (Кировская область),,,http://www.tplusgroup.ru/,https://hh.ru/vacancy/137064991
Т Плюс,Старший юрисконсульт по работе с дебиторской задолженностью,Пермь,,71250,http://www.tplusgroup.ru/,https://hh.ru/vacancy/135930021
Т Плюс,Юрисконсульт по работе с дебиторской задолженностью,Сыктывкар,65000,66000,http://www.tplusgroup.ru/,https://hh.ru/vacancy/137095758
ТК Азимут,Специалист по работе с дебиторской задолженностью,Екатеринбург,65000,,http://tkazimut.su,https://hh.ru/vacancy/136892297
ТК Восток-Запад,Специалист по работе с дебиторской задолженностью,Калининград,60000,70000,,https://hh.ru/vacancy/137342553
"ТНС энерго, ПАО ГК",Эксперт направления отчетности и планирования Департамента по работе с дебиторской задолженностью,Москва,,,http://tns-e.ru,https://hh.ru/vacancy/137038582
ТСК Мосэнерго,Специалист группы по работе с договорами и дебиторской задолженностью,Химки (Московская область),,77847,http://www.tsk-mosenergo.ru,https://hh.ru/vacancy/137896877
ТСК Мосэнерго,Специалист группы по работе с договорами и дебиторской задолженностью Отдела Сбыта,Химки (Московская область),77847,77847,http://www.tsk-mosenergo.ru,https://hh.ru/vacancy/137564974
Тверь Водоканал,Юрисконсульт (отдел по взысканию дебиторской задолженности),Тверь,77700,77700,http://www.tvervodokanal.ru,https://hh.ru/vacancy/135916366
Тнс Энерго Пенза,Специалист по работе с дебиторской задолженностью физических лиц,Пенза,36302,36302,,https://hh.ru/vacancy/137496057
Торговая Группа Альянс,Специалист по договорной работе и работе с дебиторской задолженностью,Омск,60000,70000,https://www.alians-tg.ru/,https://hh.ru/vacancy/136922588
Транспортная Компания Вега,"Бухгалтер в транспортную компанию (1С, путевые листы, дебиторка)",Воронеж,60000,90000,,https://hh.ru/vacancy/136825248
УЖК Радомир-Инвест,Юрист по взысканию дебиторской задолженности,Екатеринбург,,,,https://hh.ru/vacancy/135635682
УК Доверие,Специалист по работе с дебиторской задолженностью в сфере ЖКХ / помощник юриста,Улан-Удэ,50000,,,https://hh.ru/vacancy/137786210
УК ЖСК,Специалист по выездному взысканию дебиторской задолженности,Красноярск,70000,,,https://hh.ru/vacancy/137475492
Универстрой,Бухгалтер по работе с дебиторской и кредиторской задолженностью,Санкт-Петербург,100000,110000,http://www.unispb.ru,https://hh.ru/vacancy/137540147
ФГАУ РОСЖИЛКОМПЛЕКС,Ведущий юрисконсульт отдела (по работе с дебиторской задолженностью физических лиц),Москва,90000,,http://fgau.ru/,https://hh.ru/vacancy/137727679
ФГАУ РОСЖИЛКОМПЛЕКС,Ведущий юрисконсульт по работе с дебиторской задолженностью физических лиц,Екатеринбург,58000,58000,http://fgau.ru/,https://hh.ru/vacancy/137857447
ФГАУ РОСЖИЛКОМПЛЕКС,Документовед отдела (по работе с дебиторской задолженностью физических лиц),Москва,65000,,http://fgau.ru/,https://hh.ru/vacancy/137726010
ФИНОН,Финансовый специалист по дебиторской задолженности/Финансовый менеджер/Специалист по взаиморасчетам,Москва,60000,95000,http://finon127.ru,https://hh.ru/vacancy/136691949
Хартия,Юрист (по работе с дебиторской задолженностью),Тула,86600,,,https://hh.ru/vacancy/137647270
ЦФР УК,Руководитель отдела по управлению дебиторской задолженностью,Калуга,90000,120000,http://bankrot-csd.ru,https://hh.ru/vacancy/135894012
ЭкоТРАНС,Экономист / отдел дебиторской задолженности,Омск,58000,,,https://hh.ru/vacancy/137509266
Экология,Специалист по сопровождению корпоративных клиентов (договоры и дебиторская задолженность),Самара,58769,58769,,https://hh.ru/vacancy/137564937
Экоразвитие-МО,Менеджер по работе с дебиторской задолженностью,Чехов (Московская область),72900,94700,https://www.ecogrowth.ru/,https://hh.ru/vacancy/137449716
Экотехпром,Ведущий специалист отдела по анализу дебиторской задолженности,Москва,150000,180000,http://www.eco-pro.ru,https://hh.ru/vacancy/137233260
Юнайтед Индастриал,Кредитный контролер,Москва,,,https://unitedindustrial.ru/,https://hh.ru/vacancy/136317064
Юридический центр Фаворит,Менеджер по сопровождению клиентов (дебиторская задолженность\юридическая компания),Москва,80000,,http://favorit-consult.ru,https://hh.ru/vacancy/137471078
Яковлев,Специалист в отдел анализа и контроля дебиторской и кредиторской задолженности,Москва,,,https://yakovlev.ru,https://hh.ru/vacancy/137199815
