sic_class,0-4,5-9,10-19,20-49,50-99,100-249,250+,Total,10-249
4311 : Demolition,530,105,60,45,15,5,0,760,125
4312 : Site preparation,2565,255,140,80,20,15,5,3080,255
4313 : Test drilling and boring,220,45,15,15,5,0,0,300,35
4321 : Electrical installation,42540,4970,2135,990,235,95,45,51010,3455
4322 : Plumbing; heat and air-conditioning installation,41450,3920,1500,770,175,75,25,47915,2520
4329 : Other construction installation,11700,1045,525,250,55,30,10,13615,860
4331 : Plastering,6455,320,115,50,5,0,0,6945,170
4332 : Joinery installation,25255,2460,845,340,65,25,5,28995,1275
4333 : Floor and wall covering,8440,760,295,70,10,5,0,9580,380
4334 : Painting and glazing,14290,1490,480,150,30,5,5,16450,665
4339 : Other building completion and finishing,20685,1790,635,175,35,10,5,23335,855
4391 : Roofing activities,11125,1105,430,190,35,10,0,12895,665
4399 : Other specialised construction activities n.e.c.,26740,2770,1175,580,175,50,20,31510,1980
4611 : Agents involved in the sale of agricultural raw materials; live animals; textile raw materials and semi-finished goods,515,50,30,20,10,0,0,625,60
4612 : Agents involved in the sale of fuels; ores; metals and industrial chemicals,735,140,60,20,10,0,0,965,90
4613 : Agents involved in the sale of timber and building materials,1190,225,140,50,5,0,0,1610,195
4614 : Agents involved in the sale of machinery; industrial equipment; ships and aircraft,1495,230,125,40,15,5,0,1910,185
4615 : Agents involved in the sale of furniture; household goods; hardware and ironmongery,1040,115,60,15,0,0,0,1230,75
4616 : Agents involved in the sale of textiles; clothing; fur; footwear and leather goods,1605,160,70,25,5,0,5,1870,100
4617 : Agents involved in the sale of food; beverages and tobacco,1005,145,70,30,10,0,0,1260,110
4618 : Agents specialised in the sale of other particular products,2770,370,175,80,10,5,5,3415,270
4619 : Agents involved in the sale of a variety of goods,2315,155,60,20,0,0,0,2550,80
4621 : Wholesale of grain; unmanufactured tobacco; seeds and animal feeds,685,160,105,55,10,10,5,1030,180
4622 : Wholesale of flowers and plants,515,125,60,45,20,0,0,765,125
4623 : Wholesale of live animals,500,40,20,10,5,0,0,575,35
4624 : Wholesale of hides; skins and leather,75,20,10,0,0,0,0,105,10
4631 : Wholesale of fruit and vegetables,1650,375,250,150,60,30,20,2535,490
4632 : Wholesale of meat and meat products,1030,390,250,170,40,15,5,1900,475
4633 : Wholesale of dairy products; eggs and edible oils and fats,525,105,70,55,20,15,5,795,160
4634 : Wholesale of beverages,2870,395,260,125,45,35,10,3740,465
4635 : Wholesale of tobacco products,150,25,15,5,5,0,5,205,25
4636 : Wholesale of sugar and chocolate and sugar confectionery,525,100,85,55,10,5,5,785,155
4637 : Wholesale of coffee; tea; cocoa and spices,815,125,70,35,15,5,0,1065,125
4638 : Wholesale of other food; including fish; crustaceans and molluscs,1035,280,200,95,35,15,5,1665,345
4639 : Non-specialised wholesale of food; beverages and tobacco,2290,475,360,295,80,60,40,3600,795
4641 : Wholesale of textiles,1640,320,170,75,25,10,5,2245,280
4642 : Wholesale of clothing and footwear,3500,570,375,205,85,35,15,4785,700
4643 : Wholesale of electrical household appliances,990,280,155,75,35,20,15,1570,285
4644 : Wholesale of china and glassware and cleaning materials,345,95,55,35,10,5,0,545,105
4645 : Wholesale of perfume and cosmetics,1525,205,140,85,45,25,15,2040,295
4646 : Wholesale of pharmaceutical goods,1510,380,275,285,140,70,55,2715,770
4647 : Wholesale of furniture; carpets and lighting equipment,1545,360,190,135,45,15,5,2295,385
4648 : Wholesale of watches and jewellery,1000,145,70,30,10,5,0,1260,115
4649 : Wholesale of other household goods,2880,630,425,260,105,45,15,4360,835
4651 : Wholesale of computers; computer peripheral equipment and software,1280,310,180,115,40,30,25,1980,365
4652 : Wholesale of electronic and telecommunications equipment and parts,1925,430,320,190,75,30,15,2985,615
4661 : Wholesale of agricultural machinery; equipment and supplies,1170,240,175,100,40,25,10,1760,340
4662 : Wholesale of machine tools,585,145,85,55,30,0,5,905,170
4663 : Wholesale of mining; construction and civil engineering machinery,545,110,65,45,10,10,5,790,130
4664 : Wholesale of machinery for the textile industry and of sewing and knitting machines,70,20,5,10,0,0,0,105,15
4665 : Wholesale of office furniture,315,65,45,25,10,0,0,460,80
4666 : Wholesale of other office machinery and equipment,410,190,115,55,15,10,10,805,195
4669 : Wholesale of other machinery and equipment,3705,1330,930,575,230,90,50,6910,1825
4671 : Wholesale of solid; liquid and gaseous fuels and related products,790,245,120,70,30,15,15,1285,235
4672 : Wholesale of metals and metal ores,675,295,200,155,55,20,10,1410,430
4673 : Wholesale of wood; construction materials and sanitary equipment,2665,955,675,495,170,80,60,5100,1420
4674 : Wholesale of hardware; plumbing and heating equipment and supplies,2065,670,390,210,90,45,25,3495,735
4675 : Wholesale of chemical products,970,235,145,90,35,15,10,1500,285
4676 : Wholesale of other intermediate products,1130,240,195,115,30,10,5,1725,350
4677 : Wholesale of waste and scrap,1100,300,150,60,15,5,0,1630,230
4690 : Non-specialised wholesale trade,8640,1750,1020,420,130,30,10,12000,1600
4910 : Passenger rail transport; interurban,15,0,0,5,5,5,20,50,15
4920 : Freight rail transport,95,10,0,5,0,0,5,115,5
4931 : Urban and suburban passenger land transport,670,185,140,115,50,35,65,1260,340
4932 : Taxi operation,8980,925,495,210,55,10,5,10680,770
4939 : Other passenger land transport n.e.c.,2410,480,385,270,115,55,10,3725,825
4941 : Freight transport by road,39140,3210,1770,1050,375,155,85,45785,3350
4942 : Removal services,2485,445,225,80,25,10,0,3270,340
4950 : Transport via pipeline,5,0,0,0,0,0,5,10,0
7810 : Activities of employment placement agencies,12845,1745,1165,740,410,185,100,17190,2500
7820 : Temporary employment agency activities,5895,1170,1080,880,710,385,335,10455,3055
7830 : Other human resources provision,2145,185,130,85,35,20,20,2620,270
8010 : Private security activities,4955,725,530,445,235,160,90,7140,1370
8020 : Security systems service activities,2920,350,195,100,30,10,5,3610,335
8030 : Investigation activities,455,40,25,10,5,5,0,540,45
8110 : Combined facilities support activities,3585,480,265,150,75,50,85,4690,540
8121 : General cleaning of buildings,10390,2815,1645,830,345,225,170,16420,3045
8122 : Other building and industrial cleaning activities,4580,685,245,140,40,20,15,5725,445
8129 : Other cleaning activities,3485,855,470,200,85,25,20,5140,780
8130 : Landscape service activities,20335,2060,800,310,70,15,5,23595,1195
