nace,geo,size,year,value,flag
F43,DE,0-9,2021,292789,
F43,DE,0-9,2022,289512,
F43,DE,0-9,2023,291849,
F43,DE,0-9,2024,295064,
F43,DE,0_1,2021,110646,
F43,DE,0_1,2022,99281,
F43,DE,0_1,2023,112788,
F43,DE,0_1,2024,112252,
F43,DE,10-19,2021,33242,
F43,DE,10-19,2022,38150,
F43,DE,10-19,2023,35495,
F43,DE,10-19,2024,29067,
F43,DE,2-9,2021,182143,
F43,DE,2-9,2022,190231,
F43,DE,2-9,2023,179061,
F43,DE,2-9,2024,182812,
F43,DE,20-49,2021,10222,
F43,DE,20-49,2022,10684,
F43,DE,20-49,2023,10637,
F43,DE,20-49,2024,12830,
F43,DE,50-249,2021,2712,
F43,DE,50-249,2022,2657,
F43,DE,50-249,2023,2767,
F43,DE,50-249,2024,2543,
F43,DE,GE250,2021,172,
F43,DE,GE250,2022,192,
F43,DE,GE250,2023,216,
F43,DE,GE250,2024,216,
F43,DE,TOTAL,2021,339136,
F43,DE,TOTAL,2022,341195,
F43,DE,TOTAL,2023,340964,
F43,DE,TOTAL,2024,339720,
F43,ES,0-9,2021,171161,
F43,ES,0-9,2022,185891,
F43,ES,0-9,2023,189239,
F43,ES,0-9,2024,186563,
F43,ES,0_1,2021,104956,
F43,ES,0_1,2022,110352,
F43,ES,0_1,2023,118939,
F43,ES,0_1,2024,120298,
F43,ES,10-19,2021,7045,
F43,ES,10-19,2022,6180,
F43,ES,10-19,2023,6602,
F43,ES,10-19,2024,7286,
F43,ES,2-9,2021,66205,
F43,ES,2-9,2022,75539,
F43,ES,2-9,2023,70300,
F43,ES,2-9,2024,66265,
F43,ES,20-49,2021,3277,
F43,ES,20-49,2022,3153,
F43,ES,20-49,2023,3462,
F43,ES,20-49,2024,3552,
F43,ES,50-249,2021,855,
F43,ES,50-249,2022,807,
F43,ES,50-249,2023,878,
F43,ES,50-249,2024,954,
F43,ES,GE250,2021,59,
F43,ES,GE250,2022,62,
F43,ES,GE250,2023,74,
F43,ES,GE250,2024,80,
F43,ES,TOTAL,2021,182397,
F43,ES,TOTAL,2022,196093,
F43,ES,TOTAL,2023,200255,
F43,ES,TOTAL,2024,198436,
F43,EU27_2020,0-9,2021,2563905,
F43,EU27_2020,0-9,2022,2686855,
F43,EU27_2020,0-9,2023,2766324,
F43,EU27_2020,0-9,2024,2780217,
F43,EU27_2020,0_1,2021,1782816,
F43,EU27_2020,0_1,2022,1872623,
F43,EU27_2020,0_1,2023,1965281,
F43,EU27_2020,0_1,2024,1986257,
F43,EU27_2020,10-19,2021,97945,
F43,EU27_2020,10-19,2022,103738,
F43,EU27_2020,10-19,2023,101913,
F43,EU27_2020,10-19,2024,95491,
F43,EU27_2020,2-9,2021,781089,
F43,EU27_2020,2-9,2022,814232,
F43,EU27_2020,2-9,2023,801043,
F43,EU27_2020,2-9,2024,793960,
F43,EU27_2020,20-49,2021,38374,
F43,EU27_2020,20-49,2022,39000,e
F43,EU27_2020,20-49,2023,40000,e
F43,EU27_2020,20-49,2024,41907,
F43,EU27_2020,50-249,2021,9853,
F43,EU27_2020,50-249,2022,10040,
F43,EU27_2020,50-249,2023,10238,
F43,EU27_2020,50-249,2024,10220,
F43,EU27_2020,GE250,2021,790,
F43,EU27_2020,GE250,2022,810,e
F43,EU27_2020,GE250,2023,880,e
F43,EU27_2020,GE250,2024,914,
F43,EU27_2020,TOTAL,2021,2710866,
F43,EU27_2020,TOTAL,2022,2840604,
F43,EU27_2020,TOTAL,2023,2919071,
F43,EU27_2020,TOTAL,2024,2928750,
F43,FR,0-9,2021,449005,b
F43,FR,0-9,2022,481934,
F43,FR,0-9,2023,505159,
F43,FR,0-9,2024,516302,
F43,FR,0_1,2021,321831,b
F43,FR,0_1,2022,352418,
F43,FR,0_1,2023,376912,
F43,FR,0_1,2024,376999,
F43,FR,10-19,2021,16054,b
F43,FR,10-19,2022,16188,
F43,FR,10-19,2023,15918,
F43,FR,10-19,2024,17033,
F43,FR,2-9,2021,127174,b
F43,FR,2-9,2022,129516,
F43,FR,2-9,2023,128247,
F43,FR,2-9,2024,139303,
F43,FR,20-49,2021,6693,b
F43,FR,20-49,2022,6824,
F43,FR,20-49,2023,6863,
F43,FR,20-49,2024,7125,
F43,FR,50-249,2021,1530,b
F43,FR,50-249,2022,1584,
F43,FR,50-249,2023,1581,
F43,FR,50-249,2024,1651,
F43,FR,GE250,2021,151,b
F43,FR,GE250,2022,155,
F43,FR,GE250,2023,159,
F43,FR,GE250,2024,170,
F43,FR,TOTAL,2021,473433,b
F43,FR,TOTAL,2022,506685,
F43,FR,TOTAL,2023,529680,
F43,FR,TOTAL,2024,542281,
F43,NL,0-9,2021,118452,
F43,NL,0-9,2022,130218,
F43,NL,0-9,2023,140617,
F43,NL,0-9,2024,149650,
F43,NL,0_1,2021,101554,
F43,NL,0_1,2022,112708,
F43,NL,0_1,2023,122608,
F43,NL,0_1,2024,131089,
F43,NL,10-19,2021,1885,
F43,NL,10-19,2022,1960,
F43,NL,10-19,2023,1942,
F43,NL,10-19,2024,1911,
F43,NL,2-9,2021,16898,
F43,NL,2-9,2022,17510,
F43,NL,2-9,2023,18009,
F43,NL,2-9,2024,18561,
F43,NL,20-49,2021,1092,
F43,NL,20-49,2022,1146,
F43,NL,20-49,2023,1115,
F43,NL,20-49,2024,1102,
F43,NL,50-249,2021,421,
F43,NL,50-249,2022,431,
F43,NL,50-249,2023,429,
F43,NL,50-249,2024,433,
F43,NL,GE250,2021,56,
F43,NL,GE250,2022,59,
F43,NL,GE250,2023,58,
F43,NL,GE250,2024,67,
F43,NL,TOTAL,2021,121906,
F43,NL,TOTAL,2022,133814,
F43,NL,TOTAL,2023,144161,
F43,NL,TOTAL,2024,153163,
F43,PL,0-9,2021,286221,
F43,PL,0-9,2022,287127,
F43,PL,0-9,2023,294582,
F43,PL,0-9,2024,304317,
F43,PL,0_1,2021,217271,
F43,PL,0_1,2022,216146,
F43,PL,0_1,2023,224015,
F43,PL,0_1,2024,233133,
F43,PL,10-19,2021,4396,
F43,PL,10-19,2022,4302,
F43,PL,10-19,2023,4453,
F43,PL,10-19,2024,4408,
F43,PL,2-9,2021,68950,
F43,PL,2-9,2022,70981,
F43,PL,2-9,2023,70567,
F43,PL,2-9,2024,71184,
F43,PL,20-49,2021,1768,
F43,PL,20-49,2022,1694,
F43,PL,20-49,2023,1625,
F43,PL,20-49,2024,1553,
F43,PL,50-249,2021,367,
F43,PL,50-249,2022,356,
F43,PL,50-249,2023,360,
F43,PL,50-249,2024,355,
F43,PL,GE250,2021,27,
F43,PL,GE250,2022,25,
F43,PL,GE250,2023,29,
F43,PL,GE250,2024,27,
F43,PL,TOTAL,2021,292779,
F43,PL,TOTAL,2022,293504,
F43,PL,TOTAL,2023,301049,
F43,PL,TOTAL,2024,310660,
G46,DE,0-9,2021,97186,
G46,DE,0-9,2022,98075,
G46,DE,0-9,2023,106322,
G46,DE,0-9,2024,104040,
G46,DE,0_1,2021,38686,
G46,DE,0_1,2022,33963,
G46,DE,0_1,2023,47447,
G46,DE,0_1,2024,37280,
G46,DE,10-19,2021,11708,
G46,DE,10-19,2022,11990,
G46,DE,10-19,2023,11427,
G46,DE,10-19,2024,10926,
G46,DE,2-9,2021,58500,
G46,DE,2-9,2022,64112,
G46,DE,2-9,2023,58875,
G46,DE,2-9,2024,66760,
G46,DE,20-49,2021,8622,
G46,DE,20-49,2022,8396,
G46,DE,20-49,2023,8676,
G46,DE,20-49,2024,8590,
G46,DE,50-249,2021,4682,
G46,DE,50-249,2022,4442,
G46,DE,50-249,2023,4443,
G46,DE,50-249,2024,4466,
G46,DE,GE250,2021,887,
G46,DE,GE250,2022,871,
G46,DE,GE250,2023,893,
G46,DE,GE250,2024,915,
G46,DE,TOTAL,2021,123084,
G46,DE,TOTAL,2022,123773,
G46,DE,TOTAL,2023,131761,
G46,DE,TOTAL,2024,128937,
G46,ES,0-9,2021,189003,b
G46,ES,0-9,2022,184683,
G46,ES,0-9,2023,179894,
G46,ES,0-9,2024,176149,
G46,ES,0_1,2021,113336,b
G46,ES,0_1,2022,117192,
G46,ES,0_1,2023,114052,
G46,ES,0_1,2024,114601,
G46,ES,10-19,2021,9983,b
G46,ES,10-19,2022,10273,
G46,ES,10-19,2023,10036,
G46,ES,10-19,2024,9712,
G46,ES,2-9,2021,75667,b
G46,ES,2-9,2022,67491,
G46,ES,2-9,2023,65842,
G46,ES,2-9,2024,61548,
G46,ES,20-49,2021,5662,b
G46,ES,20-49,2022,5958,
G46,ES,20-49,2023,5989,
G46,ES,20-49,2024,6149,
G46,ES,50-249,2021,2311,b
G46,ES,50-249,2022,2402,
G46,ES,50-249,2023,2429,
G46,ES,50-249,2024,2479,
G46,ES,GE250,2021,392,b
G46,ES,GE250,2022,418,
G46,ES,GE250,2023,425,
G46,ES,GE250,2024,448,
G46,ES,TOTAL,2021,207350,b
G46,ES,TOTAL,2022,203735,
G46,ES,TOTAL,2023,198774,
G46,ES,TOTAL,2024,194937,
G46,EU27_2020,0-9,2021,1496088,
G46,EU27_2020,0-9,2022,1481349,
G46,EU27_2020,0-9,2023,1475373,
G46,EU27_2020,0-9,2024,1436647,
G46,EU27_2020,0_1,2021,977851,
G46,EU27_2020,0_1,2022,972883,
G46,EU27_2020,0_1,2023,977640,
G46,EU27_2020,0_1,2024,949439,
G46,EU27_2020,10-19,2021,77905,
G46,EU27_2020,10-19,2022,78890,
G46,EU27_2020,10-19,2023,77523,
G46,EU27_2020,10-19,2024,76275,
G46,EU27_2020,2-9,2021,518237,
G46,EU27_2020,2-9,2022,508466,
G46,EU27_2020,2-9,2023,497733,
G46,EU27_2020,2-9,2024,487208,
G46,EU27_2020,20-49,2021,46646,
G46,EU27_2020,20-49,2022,47073,
G46,EU27_2020,20-49,2023,47354,
G46,EU27_2020,20-49,2024,47396,
G46,EU27_2020,50-249,2021,20300,e
G46,EU27_2020,50-249,2022,21000,e
G46,EU27_2020,50-249,2023,21000,e
G46,EU27_2020,50-249,2024,21000,e
G46,EU27_2020,GE250,2021,3150,e
G46,EU27_2020,GE250,2022,3200,e
G46,EU27_2020,GE250,2023,,|C
G46,EU27_2020,GE250,2024,3400,e
G46,EU27_2020,TOTAL,2021,1644135,
G46,EU27_2020,TOTAL,2022,1631126,
G46,EU27_2020,TOTAL,2023,1624310,
G46,EU27_2020,TOTAL,2024,1584768,
G46,FR,0-9,2021,145868,b
G46,FR,0-9,2022,147760,
G46,FR,0-9,2023,148853,
G46,FR,0-9,2024,145828,
G46,FR,0_1,2021,112700,b
G46,FR,0_1,2022,114631,
G46,FR,0_1,2023,116492,
G46,FR,0_1,2024,111602,
G46,FR,10-19,2021,6635,b
G46,FR,10-19,2022,6723,
G46,FR,10-19,2023,6533,
G46,FR,10-19,2024,6844,
G46,FR,2-9,2021,33168,b
G46,FR,2-9,2022,33129,
G46,FR,2-9,2023,32361,
G46,FR,2-9,2024,34226,
G46,FR,20-49,2021,4307,b
G46,FR,20-49,2022,4411,
G46,FR,20-49,2023,4443,
G46,FR,20-49,2024,4557,
G46,FR,50-249,2021,2012,b
G46,FR,50-249,2022,2090,
G46,FR,50-249,2023,2089,
G46,FR,50-249,2024,2143,
G46,FR,GE250,2021,415,b
G46,FR,GE250,2022,429,
G46,FR,GE250,2023,449,
G46,FR,GE250,2024,456,
G46,FR,TOTAL,2021,159237,b
G46,FR,TOTAL,2022,161413,
G46,FR,TOTAL,2023,162367,
G46,FR,TOTAL,2024,159828,
G46,NL,0-9,2021,75913,
G46,NL,0-9,2022,76766,
G46,NL,0-9,2023,74471,
G46,NL,0-9,2024,79669,
G46,NL,0_1,2021,51961,
G46,NL,0_1,2022,52852,
G46,NL,0_1,2023,51062,
G46,NL,0_1,2024,56092,
G46,NL,10-19,2021,3763,
G46,NL,10-19,2022,3843,
G46,NL,10-19,2023,3766,
G46,NL,10-19,2024,3683,
G46,NL,2-9,2021,23952,
G46,NL,2-9,2022,23914,
G46,NL,2-9,2023,23409,
G46,NL,2-9,2024,23577,
G46,NL,20-49,2021,2751,
G46,NL,20-49,2022,2842,
G46,NL,20-49,2023,2763,
G46,NL,20-49,2024,2780,
G46,NL,50-249,2021,1379,
G46,NL,50-249,2022,1403,
G46,NL,50-249,2023,1454,
G46,NL,50-249,2024,1454,
G46,NL,GE250,2021,184,
G46,NL,GE250,2022,201,
G46,NL,GE250,2023,199,
G46,NL,GE250,2024,197,
G46,NL,TOTAL,2021,83990,
G46,NL,TOTAL,2022,85055,
G46,NL,TOTAL,2023,82653,
G46,NL,TOTAL,2024,87783,
G46,PL,0-9,2021,127785,
G46,PL,0-9,2022,126109,
G46,PL,0-9,2023,125874,
G46,PL,0-9,2024,125358,
G46,PL,0_1,2021,73326,
G46,PL,0_1,2022,71850,
G46,PL,0_1,2023,71990,
G46,PL,0_1,2024,71948,
G46,PL,10-19,2021,6316,
G46,PL,10-19,2022,6245,
G46,PL,10-19,2023,6287,
G46,PL,10-19,2024,6247,
G46,PL,2-9,2021,54459,
G46,PL,2-9,2022,54259,
G46,PL,2-9,2023,53884,
G46,PL,2-9,2024,53410,
G46,PL,20-49,2021,4019,
G46,PL,20-49,2022,3995,
G46,PL,20-49,2023,3786,
G46,PL,20-49,2024,3747,
G46,PL,50-249,2021,1660,
G46,PL,50-249,2022,1683,
G46,PL,50-249,2023,1630,
G46,PL,50-249,2024,1627,
G46,PL,GE250,2021,262,
G46,PL,GE250,2022,272,
G46,PL,GE250,2023,277,
G46,PL,GE250,2024,285,
G46,PL,TOTAL,2021,140042,
G46,PL,TOTAL,2022,138304,
G46,PL,TOTAL,2023,137854,
G46,PL,TOTAL,2024,137264,
G467,DE,0-9,2021,17417,
G467,DE,0-9,2022,15464,
G467,DE,0-9,2023,15932,
G467,DE,0-9,2024,15656,
G467,DE,0_1,2021,5745,
G467,DE,0_1,2022,3587,
G467,DE,0_1,2023,5494,
G467,DE,0_1,2024,3769,
G467,DE,10-19,2021,2826,
G467,DE,10-19,2022,3205,
G467,DE,10-19,2023,2623,
G467,DE,10-19,2024,2536,
G467,DE,2-9,2021,11672,
G467,DE,2-9,2022,11877,
G467,DE,2-9,2023,10438,
G467,DE,2-9,2024,11887,
G467,DE,20-49,2021,2471,
G467,DE,20-49,2022,2096,
G467,DE,20-49,2023,2100,
G467,DE,20-49,2024,2184,
G467,DE,50-249,2021,1257,
G467,DE,50-249,2022,1212,
G467,DE,50-249,2023,1163,
G467,DE,50-249,2024,1108,
G467,DE,GE250,2021,261,
G467,DE,GE250,2022,252,
G467,DE,GE250,2023,261,
G467,DE,GE250,2024,248,
G467,DE,TOTAL,2021,24232,
G467,DE,TOTAL,2022,22229,
G467,DE,TOTAL,2023,22079,
G467,DE,TOTAL,2024,21731,
G467,ES,0-9,2021,24070,b
G467,ES,0-9,2022,23825,
G467,ES,0-9,2023,23494,
G467,ES,0-9,2024,22709,
G467,ES,0_1,2021,10311,b
G467,ES,0_1,2022,10676,
G467,ES,0_1,2023,11156,
G467,ES,0_1,2024,11165,
G467,ES,10-19,2021,2396,b
G467,ES,10-19,2022,2465,
G467,ES,10-19,2023,2373,
G467,ES,10-19,2024,2454,
G467,ES,2-9,2021,13759,b
G467,ES,2-9,2022,13149,
G467,ES,2-9,2023,12338,
G467,ES,2-9,2024,11544,
G467,ES,20-49,2021,1287,b
G467,ES,20-49,2022,1325,
G467,ES,20-49,2023,1333,
G467,ES,20-49,2024,1359,
G467,ES,50-249,2021,410,b
G467,ES,50-249,2022,450,
G467,ES,50-249,2023,460,
G467,ES,50-249,2024,465,
G467,ES,GE250,2021,28,b
G467,ES,GE250,2022,33,
G467,ES,GE250,2023,40,
G467,ES,GE250,2024,41,
G467,ES,TOTAL,2021,28191,b
G467,ES,TOTAL,2022,28097,
G467,ES,TOTAL,2023,27700,
G467,ES,TOTAL,2024,27028,
G467,EU27_2020,0-9,2021,200000,e
G467,EU27_2020,0-9,2022,200000,e
G467,EU27_2020,0-9,2023,200349,
G467,EU27_2020,0-9,2024,196700,
G467,EU27_2020,0_1,2021,,|C
G467,EU27_2020,0_1,2022,,|C
G467,EU27_2020,0_1,2023,101458,
G467,EU27_2020,0_1,2024,100025,
G467,EU27_2020,10-19,2021,18372,
G467,EU27_2020,10-19,2022,19109,
G467,EU27_2020,10-19,2023,18252,
G467,EU27_2020,10-19,2024,18115,
G467,EU27_2020,2-9,2021,101729,
G467,EU27_2020,2-9,2022,101361,
G467,EU27_2020,2-9,2023,98891,
G467,EU27_2020,2-9,2024,96675,
G467,EU27_2020,20-49,2021,11345,
G467,EU27_2020,20-49,2022,11064,
G467,EU27_2020,20-49,2023,10981,
G467,EU27_2020,20-49,2024,11024,
G467,EU27_2020,50-249,2021,4600,e
G467,EU27_2020,50-249,2022,4700,e
G467,EU27_2020,50-249,2023,,|C
G467,EU27_2020,50-249,2024,4600,e
G467,EU27_2020,GE250,2021,680,e
G467,EU27_2020,GE250,2022,680,e
G467,EU27_2020,GE250,2023,710,e
G467,EU27_2020,GE250,2024,710,e
G467,EU27_2020,TOTAL,2021,236079,
G467,EU27_2020,TOTAL,2022,235259,
G467,EU27_2020,TOTAL,2023,234954,
G467,EU27_2020,TOTAL,2024,231136,
G467,FR,0-9,2021,12869,b
G467,FR,0-9,2022,13576,
G467,FR,0-9,2023,13881,
G467,FR,0-9,2024,14089,
G467,FR,0_1,2021,8072,b
G467,FR,0_1,2022,8787,
G467,FR,0_1,2023,9228,
G467,FR,0_1,2024,9176,
G467,FR,10-19,2021,1158,b
G467,FR,10-19,2022,1140,
G467,FR,10-19,2023,1150,
G467,FR,10-19,2024,1156,
G467,FR,2-9,2021,4797,b
G467,FR,2-9,2022,4789,
G467,FR,2-9,2023,4653,
G467,FR,2-9,2024,4913,
G467,FR,20-49,2021,775,b
G467,FR,20-49,2022,810,
G467,FR,20-49,2023,773,
G467,FR,20-49,2024,792,
G467,FR,50-249,2021,344,b
G467,FR,50-249,2022,362,
G467,FR,50-249,2023,363,
G467,FR,50-249,2024,364,
G467,FR,GE250,2021,87,b
G467,FR,GE250,2022,87,
G467,FR,GE250,2023,97,
G467,FR,GE250,2024,99,
G467,FR,TOTAL,2021,15233,b
G467,FR,TOTAL,2022,15975,
G467,FR,TOTAL,2023,16264,
G467,FR,TOTAL,2024,16500,
G467,NL,0-9,2021,9792,
G467,NL,0-9,2022,9868,
G467,NL,0-9,2023,9699,
G467,NL,0-9,2024,10732,
G467,NL,0_1,2021,6060,
G467,NL,0_1,2022,6129,
G467,NL,0_1,2023,5934,
G467,NL,0_1,2024,6921,
G467,NL,10-19,2021,719,
G467,NL,10-19,2022,720,
G467,NL,10-19,2023,709,
G467,NL,10-19,2024,687,
G467,NL,2-9,2021,3732,
G467,NL,2-9,2022,3739,
G467,NL,2-9,2023,3765,
G467,NL,2-9,2024,3811,
G467,NL,20-49,2021,503,
G467,NL,20-49,2022,522,
G467,NL,20-49,2023,501,
G467,NL,20-49,2024,498,
G467,NL,50-249,2021,283,
G467,NL,50-249,2022,287,
G467,NL,50-249,2023,295,
G467,NL,50-249,2024,286,
G467,NL,GE250,2021,27,
G467,NL,GE250,2022,28,
G467,NL,GE250,2023,31,
G467,NL,GE250,2024,32,
G467,NL,TOTAL,2021,11324,
G467,NL,TOTAL,2022,11425,
G467,NL,TOTAL,2023,11235,
G467,NL,TOTAL,2024,12235,
G467,PL,0-9,2021,25685,
G467,PL,0-9,2022,25626,
G467,PL,0-9,2023,25356,
G467,PL,0-9,2024,25073,
G467,PL,0_1,2021,11824,
G467,PL,0_1,2022,11749,
G467,PL,0_1,2023,11689,
G467,PL,0_1,2024,11592,
G467,PL,10-19,2021,1826,
G467,PL,10-19,2022,1823,
G467,PL,10-19,2023,1831,
G467,PL,10-19,2024,1797,
G467,PL,2-9,2021,13861,
G467,PL,2-9,2022,13877,
G467,PL,2-9,2023,13667,
G467,PL,2-9,2024,13481,
G467,PL,20-49,2021,1178,
G467,PL,20-49,2022,1177,
G467,PL,20-49,2023,1092,
G467,PL,20-49,2024,1096,
G467,PL,50-249,2021,464,
G467,PL,50-249,2022,481,
G467,PL,50-249,2023,470,
G467,PL,50-249,2024,449,
G467,PL,GE250,2021,53,
G467,PL,GE250,2022,53,
G467,PL,GE250,2023,54,
G467,PL,GE250,2024,56,
G467,PL,TOTAL,2021,29206,
G467,PL,TOTAL,2022,29160,
G467,PL,TOTAL,2023,28803,
G467,PL,TOTAL,2024,28471,
H494,DE,0-9,2021,27404,
H494,DE,0-9,2022,27421,
H494,DE,0-9,2023,26884,
H494,DE,0-9,2024,26542,
H494,DE,0_1,2021,9567,
H494,DE,0_1,2022,6967,
H494,DE,0_1,2023,9479,
H494,DE,0_1,2024,6736,
H494,DE,10-19,2021,5020,
H494,DE,10-19,2022,5655,
H494,DE,10-19,2023,5109,
H494,DE,10-19,2024,4890,
H494,DE,2-9,2021,17837,
H494,DE,2-9,2022,20454,
H494,DE,2-9,2023,17405,
H494,DE,2-9,2024,19806,
H494,DE,20-49,2021,3777,
H494,DE,20-49,2022,3620,
H494,DE,20-49,2023,3556,
H494,DE,20-49,2024,3457,
H494,DE,50-249,2021,1393,
H494,DE,50-249,2022,1206,
H494,DE,50-249,2023,1249,
H494,DE,50-249,2024,1339,
H494,DE,GE250,2021,110,
H494,DE,GE250,2022,105,
H494,DE,GE250,2023,119,
H494,DE,GE250,2024,118,
H494,DE,TOTAL,2021,37704,
H494,DE,TOTAL,2022,38007,
H494,DE,TOTAL,2023,36918,
H494,DE,TOTAL,2024,36345,
H494,ES,0-9,2021,102100,b
H494,ES,0-9,2022,100257,
H494,ES,0-9,2023,100974,
H494,ES,0-9,2024,102539,
H494,ES,0_1,2021,65706,b
H494,ES,0_1,2022,66944,
H494,ES,0_1,2023,69639,
H494,ES,0_1,2024,72097,
H494,ES,10-19,2021,3547,b
H494,ES,10-19,2022,3587,
H494,ES,10-19,2023,3622,
H494,ES,10-19,2024,3461,
H494,ES,2-9,2021,36394,b
H494,ES,2-9,2022,33313,
H494,ES,2-9,2023,31335,
H494,ES,2-9,2024,30442,
H494,ES,20-49,2021,1901,b
H494,ES,20-49,2022,1908,
H494,ES,20-49,2023,2032,
H494,ES,20-49,2024,2071,
H494,ES,50-249,2021,542,b
H494,ES,50-249,2022,567,
H494,ES,50-249,2023,614,
H494,ES,50-249,2024,635,
H494,ES,GE250,2021,53,b
H494,ES,GE250,2022,67,
H494,ES,GE250,2023,68,
H494,ES,GE250,2024,75,
H494,ES,TOTAL,2021,108143,b
H494,ES,TOTAL,2022,106386,
H494,ES,TOTAL,2023,107310,
H494,ES,TOTAL,2024,108780,
H494,EU27_2020,0-9,2021,519398,
H494,EU27_2020,0-9,2022,523396,
H494,EU27_2020,0-9,2023,524495,
H494,EU27_2020,0-9,2024,530000,e
H494,EU27_2020,0_1,2021,308976,
H494,EU27_2020,0_1,2022,314753,
H494,EU27_2020,0_1,2023,320994,
H494,EU27_2020,0_1,2024,330000,e
H494,EU27_2020,10-19,2021,34228,
H494,EU27_2020,10-19,2022,34647,
H494,EU27_2020,10-19,2023,34190,
H494,EU27_2020,10-19,2024,33793,
H494,EU27_2020,2-9,2021,210422,
H494,EU27_2020,2-9,2022,208643,
H494,EU27_2020,2-9,2023,203501,
H494,EU27_2020,2-9,2024,200000,e
H494,EU27_2020,20-49,2021,20753,
H494,EU27_2020,20-49,2022,20656,
H494,EU27_2020,20-49,2023,20660,
H494,EU27_2020,20-49,2024,20000,e
H494,EU27_2020,50-249,2021,,|C
H494,EU27_2020,50-249,2022,7300,e
H494,EU27_2020,50-249,2023,,|C
H494,EU27_2020,50-249,2024,,|C
H494,EU27_2020,GE250,2021,800,e
H494,EU27_2020,GE250,2022,830,e
H494,EU27_2020,GE250,2023,880,e
H494,EU27_2020,GE250,2024,910,e
H494,EU27_2020,TOTAL,2021,600000,e
H494,EU27_2020,TOTAL,2022,586857,
H494,EU27_2020,TOTAL,2023,600000,e
H494,EU27_2020,TOTAL,2024,593559,
H494,FR,0-9,2021,29910,b
H494,FR,0-9,2022,31756,
H494,FR,0-9,2023,33284,
H494,FR,0-9,2024,33870,
H494,FR,0_1,2021,18363,b
H494,FR,0_1,2022,19907,
H494,FR,0_1,2023,21556,
H494,FR,0_1,2024,21404,
H494,FR,10-19,2021,3467,b
H494,FR,10-19,2022,3423,
H494,FR,10-19,2023,3318,
H494,FR,10-19,2024,3445,
H494,FR,2-9,2021,11547,b
H494,FR,2-9,2022,11849,
H494,FR,2-9,2023,11728,
H494,FR,2-9,2024,12466,
H494,FR,20-49,2021,2353,b
H494,FR,20-49,2022,2398,
H494,FR,20-49,2023,2279,
H494,FR,20-49,2024,2247,
H494,FR,50-249,2021,941,b
H494,FR,50-249,2022,930,
H494,FR,50-249,2023,931,
H494,FR,50-249,2024,941,
H494,FR,GE250,2021,153,b
H494,FR,GE250,2022,156,
H494,FR,GE250,2023,149,
H494,FR,GE250,2024,154,
H494,FR,TOTAL,2021,36824,b
H494,FR,TOTAL,2022,38663,
H494,FR,TOTAL,2023,39961,
H494,FR,TOTAL,2024,40657,
H494,NL,0-9,2021,16871,
H494,NL,0-9,2022,19785,
H494,NL,0-9,2023,21138,
H494,NL,0-9,2024,22975,
H494,NL,0_1,2021,12512,
H494,NL,0_1,2022,15137,
H494,NL,0_1,2023,16447,
H494,NL,0_1,2024,18194,
H494,NL,10-19,2021,785,
H494,NL,10-19,2022,823,
H494,NL,10-19,2023,801,
H494,NL,10-19,2024,751,
H494,NL,2-9,2021,4359,
H494,NL,2-9,2022,4648,
H494,NL,2-9,2023,4691,
H494,NL,2-9,2024,4781,
H494,NL,20-49,2021,633,
H494,NL,20-49,2022,661,
H494,NL,20-49,2023,667,
H494,NL,20-49,2024,665,
H494,NL,50-249,2021,375,
H494,NL,50-249,2022,376,
H494,NL,50-249,2023,364,
H494,NL,50-249,2024,354,
H494,NL,GE250,2021,49,
H494,NL,GE250,2022,50,
H494,NL,GE250,2023,51,
H494,NL,GE250,2024,54,
H494,NL,TOTAL,2021,18713,
H494,NL,TOTAL,2022,21695,
H494,NL,TOTAL,2023,23021,
H494,NL,TOTAL,2024,24799,
H494,PL,0-9,2021,95394,
H494,PL,0-9,2022,94700,
H494,PL,0-9,2023,93713,
H494,PL,0-9,2024,93194,
H494,PL,0_1,2021,55274,
H494,PL,0_1,2022,54583,
H494,PL,0_1,2023,54351,
H494,PL,0_1,2024,54778,
H494,PL,10-19,2021,4760,
H494,PL,10-19,2022,4841,
H494,PL,10-19,2023,4934,
H494,PL,10-19,2024,5075,
H494,PL,2-9,2021,40120,
H494,PL,2-9,2022,40117,
H494,PL,2-9,2023,39362,
H494,PL,2-9,2024,38416,
H494,PL,20-49,2021,2667,
H494,PL,20-49,2022,2639,
H494,PL,20-49,2023,2643,
H494,PL,20-49,2024,2531,
H494,PL,50-249,2021,817,
H494,PL,50-249,2022,851,
H494,PL,50-249,2023,859,
H494,PL,50-249,2024,844,
H494,PL,GE250,2021,116,
H494,PL,GE250,2022,118,
H494,PL,GE250,2023,116,
H494,PL,GE250,2024,111,
H494,PL,TOTAL,2021,103754,
H494,PL,TOTAL,2022,103149,
H494,PL,TOTAL,2023,102265,
H494,PL,TOTAL,2024,101755,
N78,DE,0-9,2021,5218,
N78,DE,0-9,2022,5225,
N78,DE,0-9,2023,6338,
N78,DE,0-9,2024,6536,
N78,DE,0_1,2021,1977,
N78,DE,0_1,2022,1961,
N78,DE,0_1,2023,2414,
N78,DE,0_1,2024,2099,
N78,DE,10-19,2021,966,
N78,DE,10-19,2022,1432,
N78,DE,10-19,2023,1012,
N78,DE,10-19,2024,1204,
N78,DE,2-9,2021,3241,
N78,DE,2-9,2022,3264,
N78,DE,2-9,2023,3924,
N78,DE,2-9,2024,4437,
N78,DE,20-49,2021,1474,
N78,DE,20-49,2022,1371,
N78,DE,20-49,2023,1369,
N78,DE,20-49,2024,1471,
N78,DE,50-249,2021,1789,
N78,DE,50-249,2022,1979,
N78,DE,50-249,2023,1677,
N78,DE,50-249,2024,1663,
N78,DE,GE250,2021,496,
N78,DE,GE250,2022,467,
N78,DE,GE250,2023,459,
N78,DE,GE250,2024,425,
N78,DE,TOTAL,2021,9944,
N78,DE,TOTAL,2022,10475,
N78,DE,TOTAL,2023,10855,
N78,DE,TOTAL,2024,11298,
N78,ES,0-9,2021,5871,b
N78,ES,0-9,2022,6164,
N78,ES,0-9,2023,6324,
N78,ES,0-9,2024,6683,
N78,ES,0_1,2021,4257,b
N78,ES,0_1,2022,4815,
N78,ES,0_1,2023,5358,
N78,ES,0_1,2024,5530,
N78,ES,10-19,2021,167,b
N78,ES,10-19,2022,170,
N78,ES,10-19,2023,153,
N78,ES,10-19,2024,170,
N78,ES,2-9,2021,1614,b
N78,ES,2-9,2022,1349,
N78,ES,2-9,2023,966,
N78,ES,2-9,2024,1153,
N78,ES,20-49,2021,149,b
N78,ES,20-49,2022,167,
N78,ES,20-49,2023,189,
N78,ES,20-49,2024,153,
N78,ES,50-249,2021,152,b
N78,ES,50-249,2022,155,
N78,ES,50-249,2023,152,
N78,ES,50-249,2024,169,
N78,ES,GE250,2021,105,b
N78,ES,GE250,2022,110,
N78,ES,GE250,2023,110,
N78,ES,GE250,2024,112,
N78,ES,TOTAL,2021,6443,b
N78,ES,TOTAL,2022,6765,
N78,ES,TOTAL,2023,6928,
N78,ES,TOTAL,2024,7287,
N78,EU27_2020,0-9,2021,60000,e
N78,EU27_2020,0-9,2022,63000,e
N78,EU27_2020,0-9,2023,67383,
N78,EU27_2020,0-9,2024,72954,
N78,EU27_2020,0_1,2021,40000,e
N78,EU27_2020,0_1,2022,42000,e
N78,EU27_2020,0_1,2023,45411,
N78,EU27_2020,0_1,2024,49488,
N78,EU27_2020,10-19,2021,4731,
N78,EU27_2020,10-19,2022,,|C
N78,EU27_2020,10-19,2023,5138,
N78,EU27_2020,10-19,2024,5549,
N78,EU27_2020,2-9,2021,19967,
N78,EU27_2020,2-9,2022,21000,e
N78,EU27_2020,2-9,2023,21972,
N78,EU27_2020,2-9,2024,23466,
N78,EU27_2020,20-49,2021,6000,e
N78,EU27_2020,20-49,2022,5846,
N78,EU27_2020,20-49,2023,5958,
N78,EU27_2020,20-49,2024,6101,
N78,EU27_2020,50-249,2021,6000,e
N78,EU27_2020,50-249,2022,6326,
N78,EU27_2020,50-249,2023,6150,e
N78,EU27_2020,50-249,2024,5980,e
N78,EU27_2020,GE250,2021,1873,
N78,EU27_2020,GE250,2022,1945,
N78,EU27_2020,GE250,2023,2000,e
N78,EU27_2020,GE250,2024,1900,e
N78,EU27_2020,TOTAL,2021,77554,
N78,EU27_2020,TOTAL,2022,82753,
N78,EU27_2020,TOTAL,2023,86579,
N78,EU27_2020,TOTAL,2024,92451,
N78,FR,0-9,2021,5630,b
N78,FR,0-9,2022,5821,
N78,FR,0-9,2023,6300,
N78,FR,0-9,2024,6620,
N78,FR,0_1,2021,3551,b
N78,FR,0_1,2022,3683,
N78,FR,0_1,2023,4061,
N78,FR,0_1,2024,4092,
N78,FR,10-19,2021,643,b
N78,FR,10-19,2022,696,
N78,FR,10-19,2023,710,
N78,FR,10-19,2024,788,
N78,FR,2-9,2021,2079,b
N78,FR,2-9,2022,2138,
N78,FR,2-9,2023,2239,
N78,FR,2-9,2024,2528,
N78,FR,20-49,2021,825,b
N78,FR,20-49,2022,876,
N78,FR,20-49,2023,909,
N78,FR,20-49,2024,925,
N78,FR,50-249,2021,796,b
N78,FR,50-249,2022,832,
N78,FR,50-249,2023,831,
N78,FR,50-249,2024,839,
N78,FR,GE250,2021,226,b
N78,FR,GE250,2022,237,
N78,FR,GE250,2023,250,
N78,FR,GE250,2024,233,
N78,FR,TOTAL,2021,8120,b
N78,FR,TOTAL,2022,8462,
N78,FR,TOTAL,2023,9000,
N78,FR,TOTAL,2024,9405,
N78,NL,0-9,2021,14514,
N78,NL,0-9,2022,15735,
N78,NL,0-9,2023,16294,
N78,NL,0-9,2024,18958,
N78,NL,0_1,2021,11128,
N78,NL,0_1,2022,12148,
N78,NL,0_1,2023,12605,
N78,NL,0_1,2024,15026,
N78,NL,10-19,2021,784,
N78,NL,10-19,2022,850,
N78,NL,10-19,2023,837,
N78,NL,10-19,2024,866,
N78,NL,2-9,2021,3386,
N78,NL,2-9,2022,3587,
N78,NL,2-9,2023,3689,
N78,NL,2-9,2024,3932,
N78,NL,20-49,2021,883,
N78,NL,20-49,2022,928,
N78,NL,20-49,2023,910,
N78,NL,20-49,2024,908,
N78,NL,50-249,2021,798,
N78,NL,50-249,2022,811,
N78,NL,50-249,2023,853,
N78,NL,50-249,2024,818,
N78,NL,GE250,2021,269,
N78,NL,GE250,2022,299,
N78,NL,GE250,2023,314,
N78,NL,GE250,2024,309,
N78,NL,TOTAL,2021,17248,
N78,NL,TOTAL,2022,18623,
N78,NL,TOTAL,2023,19208,
N78,NL,TOTAL,2024,21859,
N78,PL,0-9,2021,6199,
N78,PL,0-9,2022,6663,
N78,PL,0-9,2023,7035,
N78,PL,0-9,2024,7081,
N78,PL,0_1,2021,3331,
N78,PL,0_1,2022,3577,
N78,PL,0_1,2023,3805,
N78,PL,0_1,2024,3790,
N78,PL,10-19,2021,407,
N78,PL,10-19,2022,426,
N78,PL,10-19,2023,456,
N78,PL,10-19,2024,483,
N78,PL,2-9,2021,2868,
N78,PL,2-9,2022,3086,
N78,PL,2-9,2023,3230,
N78,PL,2-9,2024,3291,
N78,PL,20-49,2021,377,
N78,PL,20-49,2022,382,
N78,PL,20-49,2023,350,
N78,PL,20-49,2024,325,
N78,PL,50-249,2021,275,
N78,PL,50-249,2022,263,
N78,PL,50-249,2023,263,
N78,PL,50-249,2024,253,
N78,PL,GE250,2021,75,
N78,PL,GE250,2022,84,
N78,PL,GE250,2023,76,
N78,PL,GE250,2024,66,
N78,PL,TOTAL,2021,7333,
N78,PL,TOTAL,2022,7818,
N78,PL,TOTAL,2023,8180,
N78,PL,TOTAL,2024,8208,
N781,DE,0-9,2021,3403,
N781,DE,0-9,2022,3544,
N781,DE,0-9,2023,3877,
N781,DE,0-9,2024,4276,
N781,DE,0_1,2021,1419,
N781,DE,0_1,2022,1402,
N781,DE,0_1,2023,1628,
N781,DE,0_1,2024,1526,
N781,DE,10-19,2021,287,
N781,DE,10-19,2022,512,
N781,DE,10-19,2023,338,
N781,DE,10-19,2024,329,
N781,DE,2-9,2021,1984,
N781,DE,2-9,2022,2142,
N781,DE,2-9,2023,2249,
N781,DE,2-9,2024,2750,
N781,DE,20-49,2021,227,
N781,DE,20-49,2022,224,
N781,DE,20-49,2023,179,
N781,DE,20-49,2024,231,
N781,DE,50-249,2021,133,
N781,DE,50-249,2022,148,
N781,DE,50-249,2023,164,
N781,DE,50-249,2024,157,
N781,DE,GE250,2021,19,
N781,DE,GE250,2022,18,
N781,DE,GE250,2023,24,
N781,DE,GE250,2024,21,
N781,DE,TOTAL,2021,4070,
N781,DE,TOTAL,2022,4446,
N781,DE,TOTAL,2023,4582,
N781,DE,TOTAL,2024,5014,
N781,ES,0-9,2021,3717,b
N781,ES,0-9,2022,3945,
N781,ES,0-9,2023,4034,
N781,ES,0-9,2024,4182,
N781,ES,0_1,2021,3076,b
N781,ES,0_1,2022,3344,
N781,ES,0_1,2023,3403,
N781,ES,0_1,2024,3526,
N781,ES,10-19,2021,66,b
N781,ES,10-19,2022,,|C
N781,ES,10-19,2023,64,
N781,ES,10-19,2024,83,
N781,ES,2-9,2021,641,b
N781,ES,2-9,2022,601,
N781,ES,2-9,2023,631,
N781,ES,2-9,2024,656,
N781,ES,20-49,2021,51,b
N781,ES,20-49,2022,58,
N781,ES,20-49,2023,71,
N781,ES,20-49,2024,56,
N781,ES,50-249,2021,30,b
N781,ES,50-249,2022,37,
N781,ES,50-249,2023,37,
N781,ES,50-249,2024,49,
N781,ES,GE250,2021,8,b
N781,ES,GE250,2022,,|C
N781,ES,GE250,2023,9,
N781,ES,GE250,2024,11,
N781,ES,TOTAL,2021,3872,b
N781,ES,TOTAL,2022,4138,
N781,ES,TOTAL,2023,4215,
N781,ES,TOTAL,2024,4381,
N781,EU27_2020,0-9,2021,32500,e
N781,EU27_2020,0-9,2022,35000,e
N781,EU27_2020,0-9,2023,,|C
N781,EU27_2020,0-9,2024,40479,
N781,EU27_2020,0_1,2021,23477,
N781,EU27_2020,0_1,2022,25000,e
N781,EU27_2020,0_1,2023,,|C
N781,EU27_2020,0_1,2024,29121,
N781,EU27_2020,10-19,2021,1292,
N781,EU27_2020,10-19,2022,1633,
N781,EU27_2020,10-19,2023,1500,e
N781,EU27_2020,10-19,2024,1520,e
N781,EU27_2020,2-9,2021,8980,e
N781,EU27_2020,2-9,2022,10000,e
N781,EU27_2020,2-9,2023,10000,e
N781,EU27_2020,2-9,2024,11358,
N781,EU27_2020,20-49,2021,1058,
N781,EU27_2020,20-49,2022,1140,e
N781,EU27_2020,20-49,2023,1140,e
N781,EU27_2020,20-49,2024,1200,e
N781,EU27_2020,50-249,2021,800,e
N781,EU27_2020,50-249,2022,,|C
N781,EU27_2020,50-249,2023,928,
N781,EU27_2020,50-249,2024,884,
N781,EU27_2020,GE250,2021,161,
N781,EU27_2020,GE250,2022,180,e
N781,EU27_2020,GE250,2023,200,e
N781,EU27_2020,GE250,2024,190,e
N781,EU27_2020,TOTAL,2021,35742,
N781,EU27_2020,TOTAL,2022,38831,
N781,EU27_2020,TOTAL,2023,40902,
N781,EU27_2020,TOTAL,2024,44307,
N781,FR,0-9,2021,1098,b
N781,FR,0-9,2022,1253,
N781,FR,0-9,2023,1570,
N781,FR,0-9,2024,1868,
N781,FR,0_1,2021,848,b
N781,FR,0_1,2022,1005,
N781,FR,0_1,2023,1291,
N781,FR,0_1,2024,1533,
N781,FR,10-19,2021,51,b
N781,FR,10-19,2022,55,
N781,FR,10-19,2023,57,
N781,FR,10-19,2024,48,
N781,FR,2-9,2021,250,b
N781,FR,2-9,2022,248,
N781,FR,2-9,2023,279,
N781,FR,2-9,2024,335,
N781,FR,20-49,2021,29,b
N781,FR,20-49,2022,36,
N781,FR,20-49,2023,39,
N781,FR,20-49,2024,42,
N781,FR,50-249,2021,21,b
N781,FR,50-249,2022,22,
N781,FR,50-249,2023,21,
N781,FR,50-249,2024,22,
N781,FR,GE250,2021,4,b
N781,FR,GE250,2022,8,
N781,FR,GE250,2023,9,
N781,FR,GE250,2024,7,
N781,FR,TOTAL,2021,1203,b
N781,FR,TOTAL,2022,1374,
N781,FR,TOTAL,2023,1696,
N781,FR,TOTAL,2024,1987,
N781,NL,0-9,2021,9249,
N781,NL,0-9,2022,10184,
N781,NL,0-9,2023,10889,
N781,NL,0-9,2024,12351,
N781,NL,0_1,2021,7690,
N781,NL,0_1,2022,8504,
N781,NL,0_1,2023,9065,
N781,NL,0_1,2024,10343,
N781,NL,10-19,2021,177,
N781,NL,10-19,2022,211,
N781,NL,10-19,2023,228,
N781,NL,10-19,2024,233,
N781,NL,2-9,2021,1559,
N781,NL,2-9,2022,1680,
N781,NL,2-9,2023,1824,
N781,NL,2-9,2024,2008,
N781,NL,20-49,2021,143,
N781,NL,20-49,2022,171,
N781,NL,20-49,2023,172,
N781,NL,20-49,2024,182,
N781,NL,50-249,2021,96,
N781,NL,50-249,2022,103,
N781,NL,50-249,2023,130,
N781,NL,50-249,2024,117,
N781,NL,GE250,2021,16,
N781,NL,GE250,2022,17,
N781,NL,GE250,2023,18,
N781,NL,GE250,2024,22,
N781,NL,TOTAL,2021,9681,
N781,NL,TOTAL,2022,10686,
N781,NL,TOTAL,2023,11437,
N781,NL,TOTAL,2024,12905,
N781,PL,0-9,2021,3730,
N781,PL,0-9,2022,4106,
N781,PL,0-9,2023,4309,
N781,PL,0-9,2024,4345,
N781,PL,0_1,2021,2416,
N781,PL,0_1,2022,2678,
N781,PL,0_1,2023,2838,
N781,PL,0_1,2024,2849,
N781,PL,10-19,2021,131,
N781,PL,10-19,2022,137,
N781,PL,10-19,2023,127,
N781,PL,10-19,2024,129,
N781,PL,2-9,2021,1314,
N781,PL,2-9,2022,1428,
N781,PL,2-9,2023,1471,
N781,PL,2-9,2024,1496,
N781,PL,20-49,2021,105,
N781,PL,20-49,2022,98,
N781,PL,20-49,2023,100,
N781,PL,20-49,2024,94,
N781,PL,50-249,2021,74,
N781,PL,50-249,2022,72,
N781,PL,50-249,2023,67,
N781,PL,50-249,2024,62,
N781,PL,GE250,2021,20,
N781,PL,GE250,2022,25,
N781,PL,GE250,2023,22,
N781,PL,GE250,2024,19,
N781,PL,TOTAL,2021,4060,
N781,PL,TOTAL,2022,4438,
N781,PL,TOTAL,2023,4625,
N781,PL,TOTAL,2024,4649,
N782,DE,0-9,2021,1413,
N782,DE,0-9,2022,1351,
N782,DE,0-9,2023,1960,
N782,DE,0-9,2024,1711,
N782,DE,0_1,2021,430,
N782,DE,0_1,2022,432,
N782,DE,0_1,2023,629,
N782,DE,0_1,2024,337,
N782,DE,10-19,2021,563,
N782,DE,10-19,2022,717,
N782,DE,10-19,2023,551,
N782,DE,10-19,2024,727,
N782,DE,2-9,2021,983,
N782,DE,2-9,2022,919,
N782,DE,2-9,2023,1331,
N782,DE,2-9,2024,1374,
N782,DE,20-49,2021,1086,
N782,DE,20-49,2022,1001,
N782,DE,20-49,2023,1029,
N782,DE,20-49,2024,1084,
N782,DE,50-249,2021,1437,
N782,DE,50-249,2022,1587,
N782,DE,50-249,2023,1305,
N782,DE,50-249,2024,1279,
N782,DE,GE250,2021,420,
N782,DE,GE250,2022,395,
N782,DE,GE250,2023,385,
N782,DE,GE250,2024,352,
N782,DE,TOTAL,2021,4919,
N782,DE,TOTAL,2022,5052,
N782,DE,TOTAL,2023,5229,
N782,DE,TOTAL,2024,5153,
N782,ES,0-9,2021,250,b
N782,ES,0-9,2022,221,
N782,ES,0-9,2023,196,
N782,ES,0-9,2024,227,
N782,ES,0_1,2021,158,b
N782,ES,0_1,2022,151,
N782,ES,0_1,2023,118,
N782,ES,0_1,2024,126,
N782,ES,10-19,2021,38,b
N782,ES,10-19,2022,25,
N782,ES,10-19,2023,30,
N782,ES,10-19,2024,27,
N782,ES,2-9,2021,92,b
N782,ES,2-9,2022,70,
N782,ES,2-9,2023,78,
N782,ES,2-9,2024,101,
N782,ES,20-49,2021,41,b
N782,ES,20-49,2022,45,
N782,ES,20-49,2023,54,
N782,ES,20-49,2024,41,
N782,ES,50-249,2021,97,b
N782,ES,50-249,2022,87,
N782,ES,50-249,2023,86,
N782,ES,50-249,2024,89,
N782,ES,GE250,2021,91,b
N782,ES,GE250,2022,100,
N782,ES,GE250,2023,95,
N782,ES,GE250,2024,96,
N782,ES,TOTAL,2021,516,b
N782,ES,TOTAL,2022,478,
N782,ES,TOTAL,2023,461,
N782,ES,TOTAL,2024,479,
N782,EU27_2020,0-9,2021,16012,
N782,EU27_2020,0-9,2022,16900,e
N782,EU27_2020,0-9,2023,18100,e
N782,EU27_2020,0-9,2024,20000,e
N782,EU27_2020,0_1,2021,9289,
N782,EU27_2020,0_1,2022,9910,e
N782,EU27_2020,0_1,2023,10700,e
N782,EU27_2020,0_1,2024,12000,e
N782,EU27_2020,10-19,2021,2381,
N782,EU27_2020,10-19,2022,2597,
N782,EU27_2020,10-19,2023,,|C
N782,EU27_2020,10-19,2024,2715,
N782,EU27_2020,2-9,2021,6723,
N782,EU27_2020,2-9,2022,6956,
N782,EU27_2020,2-9,2023,7400,e
N782,EU27_2020,2-9,2024,7600,e
N782,EU27_2020,20-49,2021,3579,
N782,EU27_2020,20-49,2022,3600,e
N782,EU27_2020,20-49,2023,3600,e
N782,EU27_2020,20-49,2024,3698,
N782,EU27_2020,50-249,2021,4308,
N782,EU27_2020,50-249,2022,4573,
N782,EU27_2020,50-249,2023,4352,
N782,EU27_2020,50-249,2024,4203,
N782,EU27_2020,GE250,2021,1523,e
N782,EU27_2020,GE250,2022,1600,e
N782,EU27_2020,GE250,2023,1556,
N782,EU27_2020,GE250,2024,1466,
N782,EU27_2020,TOTAL,2021,27802,
N782,EU27_2020,TOTAL,2022,29196,
N782,EU27_2020,TOTAL,2023,30159,
N782,EU27_2020,TOTAL,2024,31895,
N782,FR,0-9,2021,492,b
N782,FR,0-9,2022,446,
N782,FR,0-9,2023,513,
N782,FR,0-9,2024,523,
N782,FR,0_1,2021,299,b
N782,FR,0_1,2022,273,
N782,FR,0_1,2023,336,
N782,FR,0_1,2024,335,
N782,FR,10-19,2021,161,b
N782,FR,10-19,2022,175,
N782,FR,10-19,2023,177,
N782,FR,10-19,2024,189,
N782,FR,2-9,2021,193,b
N782,FR,2-9,2022,173,
N782,FR,2-9,2023,177,
N782,FR,2-9,2024,188,
N782,FR,20-49,2021,380,b
N782,FR,20-49,2022,397,
N782,FR,20-49,2023,412,
N782,FR,20-49,2024,402,
N782,FR,50-249,2021,554,b
N782,FR,50-249,2022,573,
N782,FR,50-249,2023,565,
N782,FR,50-249,2024,557,
N782,FR,GE250,2021,201,b
N782,FR,GE250,2022,208,
N782,FR,GE250,2023,216,
N782,FR,GE250,2024,199,
N782,FR,TOTAL,2021,1788,b
N782,FR,TOTAL,2022,1799,
N782,FR,TOTAL,2023,1883,
N782,FR,TOTAL,2024,1870,
N782,NL,0-9,2021,5092,
N782,NL,0-9,2022,5380,
N782,NL,0-9,2023,5229,
N782,NL,0-9,2024,6388,
N782,NL,0_1,2021,3321,
N782,NL,0_1,2022,3524,
N782,NL,0_1,2023,3421,
N782,NL,0_1,2024,4517,
N782,NL,10-19,2021,585,
N782,NL,10-19,2022,605,
N782,NL,10-19,2023,586,
N782,NL,10-19,2024,610,
N782,NL,2-9,2021,1771,
N782,NL,2-9,2022,1856,
N782,NL,2-9,2023,1808,
N782,NL,2-9,2024,1871,
N782,NL,20-49,2021,701,
N782,NL,20-49,2022,721,
N782,NL,20-49,2023,700,
N782,NL,20-49,2024,694,
N782,NL,50-249,2021,652,
N782,NL,50-249,2022,659,
N782,NL,50-249,2023,672,
N782,NL,50-249,2024,646,
N782,NL,GE250,2021,227,
N782,NL,GE250,2022,252,
N782,NL,GE250,2023,262,
N782,NL,GE250,2024,252,
N782,NL,TOTAL,2021,7257,
N782,NL,TOTAL,2022,7617,
N782,NL,TOTAL,2023,7449,
N782,NL,TOTAL,2024,8590,
N782,PL,0-9,2021,1517,
N782,PL,0-9,2022,1576,
N782,PL,0-9,2023,1702,
N782,PL,0-9,2024,1727,
N782,PL,0_1,2021,524,
N782,PL,0_1,2022,504,
N782,PL,0_1,2023,570,
N782,PL,0_1,2024,548,
N782,PL,10-19,2021,132,
N782,PL,10-19,2022,120,
N782,PL,10-19,2023,139,
N782,PL,10-19,2024,140,
N782,PL,2-9,2021,993,
N782,PL,2-9,2022,1072,
N782,PL,2-9,2023,1132,
N782,PL,2-9,2024,1179,
N782,PL,20-49,2021,128,
N782,PL,20-49,2022,153,
N782,PL,20-49,2023,142,
N782,PL,20-49,2024,121,
N782,PL,50-249,2021,128,
N782,PL,50-249,2022,117,
N782,PL,50-249,2023,127,
N782,PL,50-249,2024,129,
N782,PL,GE250,2021,38,
N782,PL,GE250,2022,44,
N782,PL,GE250,2023,39,
N782,PL,GE250,2024,32,
N782,PL,TOTAL,2021,1943,
N782,PL,TOTAL,2022,2010,
N782,PL,TOTAL,2023,2149,
N782,PL,TOTAL,2024,2149,
N783,DE,0-9,2021,403,
N783,DE,0-9,2022,329,
N783,DE,0-9,2023,501,
N783,DE,0-9,2024,549,
N783,DE,0_1,2021,128,
N783,DE,0_1,2022,126,
N783,DE,0_1,2023,157,
N783,DE,0_1,2024,236,
N783,DE,10-19,2021,116,
N783,DE,10-19,2022,203,
N783,DE,10-19,2023,123,
N783,DE,10-19,2024,148,
N783,DE,2-9,2021,275,
N783,DE,2-9,2022,203,
N783,DE,2-9,2023,344,
N783,DE,2-9,2024,313,
N783,DE,20-49,2021,161,
N783,DE,20-49,2022,146,
N783,DE,20-49,2023,161,
N783,DE,20-49,2024,156,
N783,DE,50-249,2021,219,
N783,DE,50-249,2022,244,
N783,DE,50-249,2023,209,
N783,DE,50-249,2024,227,
N783,DE,GE250,2021,57,
N783,DE,GE250,2022,55,
N783,DE,GE250,2023,50,
N783,DE,GE250,2024,52,
N783,DE,TOTAL,2021,956,
N783,DE,TOTAL,2022,977,
N783,DE,TOTAL,2023,1044,
N783,DE,TOTAL,2024,1131,
N783,ES,0-9,2021,1905,b
N783,ES,0-9,2022,1998,
N783,ES,0-9,2023,2095,
N783,ES,0-9,2024,2274,
N783,ES,0_1,2021,1024,b
N783,ES,0_1,2022,1320,
N783,ES,0_1,2023,1838,
N783,ES,0_1,2024,1878,
N783,ES,10-19,2021,62,b
N783,ES,10-19,2022,,|C
N783,ES,10-19,2023,59,
N783,ES,10-19,2024,60,
N783,ES,2-9,2021,881,b
N783,ES,2-9,2022,678,
N783,ES,2-9,2023,257,
N783,ES,2-9,2024,396,
N783,ES,20-49,2021,57,b
N783,ES,20-49,2022,63,
N783,ES,20-49,2023,63,
N783,ES,20-49,2024,56,
N783,ES,50-249,2021,25,b
N783,ES,50-249,2022,30,
N783,ES,50-249,2023,28,
N783,ES,50-249,2024,32,
N783,ES,GE250,2021,6,b
N783,ES,GE250,2022,,|C
N783,ES,GE250,2023,6,
N783,ES,GE250,2024,5,
N783,ES,TOTAL,2021,2055,b
N783,ES,TOTAL,2022,2149,
N783,ES,TOTAL,2023,2252,
N783,ES,TOTAL,2024,2427,
N783,EU27_2020,0-9,2021,11000,e
N783,EU27_2020,0-9,2022,11300,e
N783,EU27_2020,0-9,2023,12000,e
N783,EU27_2020,0-9,2024,,|C
N783,EU27_2020,0_1,2021,,|C
N783,EU27_2020,0_1,2022,7100,e
N783,EU27_2020,0_1,2023,8000,e
N783,EU27_2020,0_1,2024,8000,e
N783,EU27_2020,10-19,2021,1057,
N783,EU27_2020,10-19,2022,1250,e
N783,EU27_2020,10-19,2023,1170,
N783,EU27_2020,10-19,2024,1310,e
N783,EU27_2020,2-9,2021,,|C
N783,EU27_2020,2-9,2022,4133,
N783,EU27_2020,2-9,2023,4236,
N783,EU27_2020,2-9,2024,,|C
N783,EU27_2020,20-49,2021,1120,e
N783,EU27_2020,20-49,2022,1120,
N783,EU27_2020,20-49,2023,1178,
N783,EU27_2020,20-49,2024,1170,e
N783,EU27_2020,50-249,2021,804,
N783,EU27_2020,50-249,2022,890,e
N783,EU27_2020,50-249,2023,900,e
N783,EU27_2020,50-249,2024,900,e
N783,EU27_2020,GE250,2021,189,
N783,EU27_2020,GE250,2022,193,
N783,EU27_2020,GE250,2023,200,e
N783,EU27_2020,GE250,2024,210,e
N783,EU27_2020,TOTAL,2021,14011,
N783,EU27_2020,TOTAL,2022,14726,
N783,EU27_2020,TOTAL,2023,15518,
N783,EU27_2020,TOTAL,2024,16249,
N783,FR,0-9,2021,4040,b
N783,FR,0-9,2022,4122,
N783,FR,0-9,2023,4217,
N783,FR,0-9,2024,4229,
N783,FR,0_1,2021,2404,b
N783,FR,0_1,2022,2405,
N783,FR,0_1,2023,2434,
N783,FR,0_1,2024,2224,
N783,FR,10-19,2021,431,b
N783,FR,10-19,2022,466,
N783,FR,10-19,2023,476,
N783,FR,10-19,2024,551,
N783,FR,2-9,2021,1636,b
N783,FR,2-9,2022,1717,
N783,FR,2-9,2023,1783,
N783,FR,2-9,2024,2005,
N783,FR,20-49,2021,416,b
N783,FR,20-49,2022,443,
N783,FR,20-49,2023,458,
N783,FR,20-49,2024,481,
N783,FR,50-249,2021,221,b
N783,FR,50-249,2022,237,
N783,FR,50-249,2023,245,
N783,FR,50-249,2024,260,
N783,FR,GE250,2021,21,b
N783,FR,GE250,2022,21,
N783,FR,GE250,2023,25,
N783,FR,GE250,2024,27,
N783,FR,TOTAL,2021,5129,b
N783,FR,TOTAL,2022,5289,
N783,FR,TOTAL,2023,5421,
N783,FR,TOTAL,2024,5548,
N783,NL,0-9,2021,173,
N783,NL,0-9,2022,171,
N783,NL,0-9,2023,176,
N783,NL,0-9,2024,219,
N783,NL,0_1,2021,117,
N783,NL,0_1,2022,120,
N783,NL,0_1,2023,119,
N783,NL,0_1,2024,166,
N783,NL,10-19,2021,22,
N783,NL,10-19,2022,34,
N783,NL,10-19,2023,23,
N783,NL,10-19,2024,23,
N783,NL,2-9,2021,56,
N783,NL,2-9,2022,51,
N783,NL,2-9,2023,57,
N783,NL,2-9,2024,53,
N783,NL,20-49,2021,39,
N783,NL,20-49,2022,36,
N783,NL,20-49,2023,38,
N783,NL,20-49,2024,32,
N783,NL,50-249,2021,50,
N783,NL,50-249,2022,49,
N783,NL,50-249,2023,51,
N783,NL,50-249,2024,55,
N783,NL,GE250,2021,26,
N783,NL,GE250,2022,30,
N783,NL,GE250,2023,34,
N783,NL,GE250,2024,35,
N783,NL,TOTAL,2021,310,
N783,NL,TOTAL,2022,320,
N783,NL,TOTAL,2023,322,
N783,NL,TOTAL,2024,364,
N783,PL,0-9,2021,952,
N783,PL,0-9,2022,981,
N783,PL,0-9,2023,1024,
N783,PL,0-9,2024,1009,
N783,PL,0_1,2021,391,
N783,PL,0_1,2022,395,
N783,PL,0_1,2023,397,
N783,PL,0_1,2024,393,
N783,PL,10-19,2021,144,
N783,PL,10-19,2022,169,
N783,PL,10-19,2023,190,
N783,PL,10-19,2024,214,
N783,PL,2-9,2021,561,
N783,PL,2-9,2022,586,
N783,PL,2-9,2023,627,
N783,PL,2-9,2024,616,
N783,PL,20-49,2021,144,
N783,PL,20-49,2022,131,
N783,PL,20-49,2023,108,
N783,PL,20-49,2024,110,
N783,PL,50-249,2021,73,
N783,PL,50-249,2022,74,
N783,PL,50-249,2023,69,
N783,PL,50-249,2024,62,
N783,PL,GE250,2021,17,
N783,PL,GE250,2022,15,
N783,PL,GE250,2023,15,
N783,PL,GE250,2024,15,
N783,PL,TOTAL,2021,1330,
N783,PL,TOTAL,2022,1370,
N783,PL,TOTAL,2023,1406,
N783,PL,TOTAL,2024,1410,
N80,DE,0-9,2021,3687,
N80,DE,0-9,2022,3773,
N80,DE,0-9,2023,3906,
N80,DE,0-9,2024,4060,
N80,DE,0_1,2021,1654,
N80,DE,0_1,2022,1369,
N80,DE,0_1,2023,1463,
N80,DE,0_1,2024,1474,
N80,DE,10-19,2021,777,
N80,DE,10-19,2022,940,
N80,DE,10-19,2023,933,
N80,DE,10-19,2024,905,
N80,DE,2-9,2021,2033,
N80,DE,2-9,2022,2404,
N80,DE,2-9,2023,2443,
N80,DE,2-9,2024,2586,
N80,DE,20-49,2021,1058,
N80,DE,20-49,2022,1005,
N80,DE,20-49,2023,1001,
N80,DE,20-49,2024,1071,
N80,DE,50-249,2021,587,
N80,DE,50-249,2022,599,
N80,DE,50-249,2023,666,
N80,DE,50-249,2024,772,
N80,DE,GE250,2021,132,
N80,DE,GE250,2022,123,
N80,DE,GE250,2023,124,
N80,DE,GE250,2024,143,
N80,DE,TOTAL,2021,6241,
N80,DE,TOTAL,2022,6440,
N80,DE,TOTAL,2023,6630,
N80,DE,TOTAL,2024,6950,
N80,ES,0-9,2021,2678,b
N80,ES,0-9,2022,2716,
N80,ES,0-9,2023,2723,
N80,ES,0-9,2024,2812,
N80,ES,0_1,2021,1910,b
N80,ES,0_1,2022,1803,
N80,ES,0_1,2023,1819,
N80,ES,0_1,2024,1869,
N80,ES,10-19,2021,189,b
N80,ES,10-19,2022,178,
N80,ES,10-19,2023,175,
N80,ES,10-19,2024,195,
N80,ES,2-9,2021,768,b
N80,ES,2-9,2022,913,
N80,ES,2-9,2023,904,
N80,ES,2-9,2024,943,
N80,ES,20-49,2021,182,b
N80,ES,20-49,2022,206,
N80,ES,20-49,2023,215,
N80,ES,20-49,2024,212,
N80,ES,50-249,2021,167,b
N80,ES,50-249,2022,175,
N80,ES,50-249,2023,163,
N80,ES,50-249,2024,165,
N80,ES,GE250,2021,66,b
N80,ES,GE250,2022,74,
N80,ES,GE250,2023,83,
N80,ES,GE250,2024,85,
N80,ES,TOTAL,2021,3282,b
N80,ES,TOTAL,2022,3349,
N80,ES,TOTAL,2023,3359,
N80,ES,TOTAL,2024,3468,
N80,EU27_2020,0-9,2021,41000,e
N80,EU27_2020,0-9,2022,43556,
N80,EU27_2020,0-9,2023,47274,
N80,EU27_2020,0-9,2024,51501,
N80,EU27_2020,0_1,2021,,|C
N80,EU27_2020,0_1,2022,29509,
N80,EU27_2020,0_1,2023,33168,
N80,EU27_2020,0_1,2024,36898,
N80,EU27_2020,10-19,2021,3691,
N80,EU27_2020,10-19,2022,3878,
N80,EU27_2020,10-19,2023,3800,e
N80,EU27_2020,10-19,2024,3900,e
N80,EU27_2020,2-9,2021,,|C
N80,EU27_2020,2-9,2022,14047,
N80,EU27_2020,2-9,2023,14106,
N80,EU27_2020,2-9,2024,14603,
N80,EU27_2020,20-49,2021,,|C
N80,EU27_2020,20-49,2022,3800,e
N80,EU27_2020,20-49,2023,3885,
N80,EU27_2020,20-49,2024,3955,
N80,EU27_2020,50-249,2021,2788,
N80,EU27_2020,50-249,2022,3000,e
N80,EU27_2020,50-249,2023,2900,e
N80,EU27_2020,50-249,2024,3000,e
N80,EU27_2020,GE250,2021,,|C
N80,EU27_2020,GE250,2022,772,
N80,EU27_2020,GE250,2023,790,e
N80,EU27_2020,GE250,2024,830,e
N80,EU27_2020,TOTAL,2021,52167,
N80,EU27_2020,TOTAL,2022,54907,
N80,EU27_2020,TOTAL,2023,58690,
N80,EU27_2020,TOTAL,2024,63180,
N80,FR,0-9,2021,6580,b
N80,FR,0-9,2022,6983,
N80,FR,0-9,2023,7541,
N80,FR,0-9,2024,8082,
N80,FR,0_1,2021,4548,b
N80,FR,0_1,2022,4914,
N80,FR,0_1,2023,5478,
N80,FR,0_1,2024,5754,
N80,FR,10-19,2021,764,b
N80,FR,10-19,2022,754,
N80,FR,10-19,2023,775,
N80,FR,10-19,2024,834,
N80,FR,2-9,2021,2032,b
N80,FR,2-9,2022,2069,
N80,FR,2-9,2023,2063,
N80,FR,2-9,2024,2328,
N80,FR,20-49,2021,622,b
N80,FR,20-49,2022,689,
N80,FR,20-49,2023,687,
N80,FR,20-49,2024,748,
N80,FR,50-249,2021,344,b
N80,FR,50-249,2022,391,
N80,FR,50-249,2023,409,
N80,FR,50-249,2024,418,
N80,FR,GE250,2021,92,b
N80,FR,GE250,2022,92,
N80,FR,GE250,2023,91,
N80,FR,GE250,2024,96,
N80,FR,TOTAL,2021,8402,b
N80,FR,TOTAL,2022,8909,
N80,FR,TOTAL,2023,9503,
N80,FR,TOTAL,2024,10178,
N80,NL,0-9,2021,6611,
N80,NL,0-9,2022,8661,
N80,NL,0-9,2023,12335,
N80,NL,0-9,2024,15443,
N80,NL,0_1,2021,5941,
N80,NL,0_1,2022,7950,
N80,NL,0_1,2023,11583,
N80,NL,0_1,2024,14618,
N80,NL,10-19,2021,95,
N80,NL,10-19,2022,106,
N80,NL,10-19,2023,103,
N80,NL,10-19,2024,106,
N80,NL,2-9,2021,670,
N80,NL,2-9,2022,711,
N80,NL,2-9,2023,752,
N80,NL,2-9,2024,825,
N80,NL,20-49,2021,74,
N80,NL,20-49,2022,76,
N80,NL,20-49,2023,87,
N80,NL,20-49,2024,90,
N80,NL,50-249,2021,39,
N80,NL,50-249,2022,43,
N80,NL,50-249,2023,46,
N80,NL,50-249,2024,46,
N80,NL,GE250,2021,11,
N80,NL,GE250,2022,11,
N80,NL,GE250,2023,12,
N80,NL,GE250,2024,11,
N80,NL,TOTAL,2021,6830,
N80,NL,TOTAL,2022,8897,
N80,NL,TOTAL,2023,12583,
N80,NL,TOTAL,2024,15696,
N80,PL,0-9,2021,3617,
N80,PL,0-9,2022,3667,
N80,PL,0-9,2023,3688,
N80,PL,0-9,2024,3698,
N80,PL,0_1,2021,1705,
N80,PL,0_1,2022,1665,
N80,PL,0_1,2023,1680,
N80,PL,0_1,2024,1692,
N80,PL,10-19,2021,179,
N80,PL,10-19,2022,177,
N80,PL,10-19,2023,169,
N80,PL,10-19,2024,175,
N80,PL,2-9,2021,1912,
N80,PL,2-9,2022,2002,
N80,PL,2-9,2023,2008,
N80,PL,2-9,2024,2006,
N80,PL,20-49,2021,213,
N80,PL,20-49,2022,215,
N80,PL,20-49,2023,210,
N80,PL,20-49,2024,204,
N80,PL,50-249,2021,268,
N80,PL,50-249,2022,245,
N80,PL,50-249,2023,222,
N80,PL,50-249,2024,209,
N80,PL,GE250,2021,87,
N80,PL,GE250,2022,89,
N80,PL,GE250,2023,88,
N80,PL,GE250,2024,92,
N80,PL,TOTAL,2021,4364,
N80,PL,TOTAL,2022,4393,
N80,PL,TOTAL,2023,4377,
N80,PL,TOTAL,2024,4378,
N801,DE,0-9,2021,2648,
N801,DE,0-9,2022,2662,
N801,DE,0-9,2023,2859,
N801,DE,0-9,2024,3021,
N801,DE,0_1,2021,1087,
N801,DE,0_1,2022,905,
N801,DE,0_1,2023,919,
N801,DE,0_1,2024,926,
N801,DE,10-19,2021,639,
N801,DE,10-19,2022,805,
N801,DE,10-19,2023,814,
N801,DE,10-19,2024,792,
N801,DE,2-9,2021,1561,
N801,DE,2-9,2022,1757,
N801,DE,2-9,2023,1940,
N801,DE,2-9,2024,2095,
N801,DE,20-49,2021,986,
N801,DE,20-49,2022,924,
N801,DE,20-49,2023,925,
N801,DE,20-49,2024,988,
N801,DE,50-249,2021,536,
N801,DE,50-249,2022,558,
N801,DE,50-249,2023,617,
N801,DE,50-249,2024,718,
N801,DE,GE250,2021,123,
N801,DE,GE250,2022,112,
N801,DE,GE250,2023,114,
N801,DE,GE250,2024,135,
N801,DE,TOTAL,2021,4933,
N801,DE,TOTAL,2022,5061,
N801,DE,TOTAL,2023,5330,
N801,DE,TOTAL,2024,5653,
N801,ES,0-9,2021,1224,b
N801,ES,0-9,2022,1245,
N801,ES,0-9,2023,1272,
N801,ES,0-9,2024,1333,
N801,ES,0_1,2021,790,b
N801,ES,0_1,2022,905,
N801,ES,0_1,2023,778,
N801,ES,0_1,2024,774,
N801,ES,10-19,2021,126,b
N801,ES,10-19,2022,,|C
N801,ES,10-19,2023,,|C
N801,ES,10-19,2024,,|C
N801,ES,2-9,2021,434,b
N801,ES,2-9,2022,340,
N801,ES,2-9,2023,494,
N801,ES,2-9,2024,559,
N801,ES,20-49,2021,122,b
N801,ES,20-49,2022,,|C
N801,ES,20-49,2023,,|C
N801,ES,20-49,2024,,|C
N801,ES,50-249,2021,139,b
N801,ES,50-249,2022,147,
N801,ES,50-249,2023,135,
N801,ES,50-249,2024,137,
N801,ES,GE250,2021,59,b
N801,ES,GE250,2022,67,
N801,ES,GE250,2023,75,
N801,ES,GE250,2024,78,
N801,ES,TOTAL,2021,1670,b
N801,ES,TOTAL,2022,1704,
N801,ES,TOTAL,2023,1722,
N801,ES,TOTAL,2024,1798,
N801,EU27_2020,0-9,2021,26184,
N801,EU27_2020,0-9,2022,,|C
N801,EU27_2020,0-9,2023,,|C
N801,EU27_2020,0-9,2024,35561,
N801,EU27_2020,0_1,2021,17455,
N801,EU27_2020,0_1,2022,19000,e
N801,EU27_2020,0_1,2023,22000,e
N801,EU27_2020,0_1,2024,25880,
N801,EU27_2020,10-19,2021,3000,e
N801,EU27_2020,10-19,2022,3016,
N801,EU27_2020,10-19,2023,2974,
N801,EU27_2020,10-19,2024,3010,
N801,EU27_2020,2-9,2021,8729,
N801,EU27_2020,2-9,2022,8844,
N801,EU27_2020,2-9,2023,9200,e
N801,EU27_2020,2-9,2024,9681,
N801,EU27_2020,20-49,2021,3195,
N801,EU27_2020,20-49,2022,3170,
N801,EU27_2020,20-49,2023,3268,
N801,EU27_2020,20-49,2024,3306,
N801,EU27_2020,50-249,2021,2451,
N801,EU27_2020,50-249,2022,2579,
N801,EU27_2020,50-249,2023,2571,
N801,EU27_2020,50-249,2024,,|C
N801,EU27_2020,GE250,2021,680,e
N801,EU27_2020,GE250,2022,700,e
N801,EU27_2020,GE250,2023,709,
N801,EU27_2020,GE250,2024,750,e
N801,EU27_2020,TOTAL,2021,35377,
N801,EU27_2020,TOTAL,2022,37587,
N801,EU27_2020,TOTAL,2023,41218,
N801,EU27_2020,TOTAL,2024,45292,
N801,FR,0-9,2021,4038,b
N801,FR,0-9,2022,4219,
N801,FR,0-9,2023,4608,
N801,FR,0-9,2024,4996,
N801,FR,0_1,2021,2645,b
N801,FR,0_1,2022,2839,
N801,FR,0_1,2023,3240,
N801,FR,0_1,2024,3463,
N801,FR,10-19,2021,646,b
N801,FR,10-19,2022,626,
N801,FR,10-19,2023,637,
N801,FR,10-19,2024,679,
N801,FR,2-9,2021,1393,b
N801,FR,2-9,2022,1380,
N801,FR,2-9,2023,1368,
N801,FR,2-9,2024,1533,
N801,FR,20-49,2021,559,b
N801,FR,20-49,2022,612,
N801,FR,20-49,2023,612,
N801,FR,20-49,2024,654,
N801,FR,50-249,2021,309,b
N801,FR,50-249,2022,356,
N801,FR,50-249,2023,364,
N801,FR,50-249,2024,374,
N801,FR,GE250,2021,86,b
N801,FR,GE250,2022,85,
N801,FR,GE250,2023,83,
N801,FR,GE250,2024,85,
N801,FR,TOTAL,2021,5638,b
N801,FR,TOTAL,2022,5898,
N801,FR,TOTAL,2023,6304,
N801,FR,TOTAL,2024,6788,
N801,NL,0-9,2021,5893,
N801,NL,0-9,2022,7896,
N801,NL,0-9,2023,11561,
N801,NL,0-9,2024,14609,
N801,NL,0_1,2021,5361,
N801,NL,0_1,2022,7331,
N801,NL,0_1,2023,10955,
N801,NL,0_1,2024,13937,
N801,NL,10-19,2021,73,
N801,NL,10-19,2022,84,
N801,NL,10-19,2023,80,
N801,NL,10-19,2024,86,
N801,NL,2-9,2021,532,
N801,NL,2-9,2022,565,
N801,NL,2-9,2023,606,
N801,NL,2-9,2024,672,
N801,NL,20-49,2021,62,
N801,NL,20-49,2022,62,
N801,NL,20-49,2023,72,
N801,NL,20-49,2024,74,
N801,NL,50-249,2021,30,
N801,NL,50-249,2022,34,
N801,NL,50-249,2023,35,
N801,NL,50-249,2024,36,
N801,NL,GE250,2021,10,
N801,NL,GE250,2022,10,
N801,NL,GE250,2023,11,
N801,NL,GE250,2024,10,
N801,NL,TOTAL,2021,6068,
N801,NL,TOTAL,2022,8086,
N801,NL,TOTAL,2023,11759,
N801,NL,TOTAL,2024,14815,
N801,PL,0-9,2021,2050,
N801,PL,0-9,2022,2126,
N801,PL,0-9,2023,2125,
N801,PL,0-9,2024,2144,
N801,PL,0_1,2021,680,
N801,PL,0_1,2022,677,
N801,PL,0_1,2023,665,
N801,PL,0_1,2024,665,
N801,PL,10-19,2021,127,
N801,PL,10-19,2022,128,
N801,PL,10-19,2023,118,
N801,PL,10-19,2024,124,
N801,PL,2-9,2021,1370,
N801,PL,2-9,2022,1449,
N801,PL,2-9,2023,1460,
N801,PL,2-9,2024,1479,
N801,PL,20-49,2021,164,
N801,PL,20-49,2022,157,
N801,PL,20-49,2023,151,
N801,PL,20-49,2024,149,
N801,PL,50-249,2021,223,
N801,PL,50-249,2022,205,
N801,PL,50-249,2023,185,
N801,PL,50-249,2024,175,
N801,PL,GE250,2021,70,
N801,PL,GE250,2022,74,
N801,PL,GE250,2023,74,
N801,PL,GE250,2024,75,
N801,PL,TOTAL,2021,2634,
N801,PL,TOTAL,2022,2690,
N801,PL,TOTAL,2023,2653,
N801,PL,TOTAL,2024,2667,
N81,DE,0-9,2021,100449,
N81,DE,0-9,2022,104974,
N81,DE,0-9,2023,107662,
N81,DE,0-9,2024,113499,
N81,DE,0_1,2021,35673,
N81,DE,0_1,2022,31719,
N81,DE,0_1,2023,39116,
N81,DE,0_1,2024,32318,
N81,DE,10-19,2021,10519,
N81,DE,10-19,2022,10165,
N81,DE,10-19,2023,10377,
N81,DE,10-19,2024,10611,
N81,DE,2-9,2021,64776,
N81,DE,2-9,2022,73255,
N81,DE,2-9,2023,68546,
N81,DE,2-9,2024,81181,
N81,DE,20-49,2021,5334,
N81,DE,20-49,2022,4954,
N81,DE,20-49,2023,5550,
N81,DE,20-49,2024,5794,
N81,DE,50-249,2021,2568,
N81,DE,50-249,2022,2280,
N81,DE,50-249,2023,2454,
N81,DE,50-249,2024,2581,
N81,DE,GE250,2021,560,
N81,DE,GE250,2022,432,
N81,DE,GE250,2023,447,
N81,DE,GE250,2024,545,
N81,DE,TOTAL,2021,119430,
N81,DE,TOTAL,2022,122805,
N81,DE,TOTAL,2023,126490,
N81,DE,TOTAL,2024,133029,
N81,ES,0-9,2021,49223,b
N81,ES,0-9,2022,51733,
N81,ES,0-9,2023,52714,
N81,ES,0-9,2024,53990,
N81,ES,0_1,2021,30015,b
N81,ES,0_1,2022,33543,
N81,ES,0_1,2023,33653,
N81,ES,0_1,2024,35281,
N81,ES,10-19,2021,2926,b
N81,ES,10-19,2022,2823,
N81,ES,10-19,2023,2796,
N81,ES,10-19,2024,2933,
N81,ES,2-9,2021,19208,b
N81,ES,2-9,2022,18190,
N81,ES,2-9,2023,19061,
N81,ES,2-9,2024,18709,
N81,ES,20-49,2021,1995,b
N81,ES,20-49,2022,2039,
N81,ES,20-49,2023,2098,
N81,ES,20-49,2024,2149,
N81,ES,50-249,2021,1031,b
N81,ES,50-249,2022,1034,
N81,ES,50-249,2023,1085,
N81,ES,50-249,2024,1101,
N81,ES,GE250,2021,230,b
N81,ES,GE250,2022,258,
N81,ES,GE250,2023,261,
N81,ES,GE250,2024,273,
N81,ES,TOTAL,2021,55405,b
N81,ES,TOTAL,2022,57887,
N81,ES,TOTAL,2023,58954,
N81,ES,TOTAL,2024,60447,
N81,EU27_2020,0-9,2021,537228,
N81,EU27_2020,0-9,2022,577561,
N81,EU27_2020,0-9,2023,612823,
N81,EU27_2020,0-9,2024,667531,
N81,EU27_2020,0_1,2021,360590,
N81,EU27_2020,0_1,2022,391640,
N81,EU27_2020,0_1,2023,428172,
N81,EU27_2020,0_1,2024,465895,
N81,EU27_2020,10-19,2021,26012,
N81,EU27_2020,10-19,2022,25952,
N81,EU27_2020,10-19,2023,26200,
N81,EU27_2020,10-19,2024,27085,
N81,EU27_2020,2-9,2021,176638,
N81,EU27_2020,2-9,2022,185921,
N81,EU27_2020,2-9,2023,184651,
N81,EU27_2020,2-9,2024,201636,
N81,EU27_2020,20-49,2021,15000,e
N81,EU27_2020,20-49,2022,14825,
N81,EU27_2020,20-49,2023,15626,
N81,EU27_2020,20-49,2024,15992,
N81,EU27_2020,50-249,2021,7800,e
N81,EU27_2020,50-249,2022,7613,
N81,EU27_2020,50-249,2023,7940,
N81,EU27_2020,50-249,2024,8064,
N81,EU27_2020,GE250,2021,1798,
N81,EU27_2020,GE250,2022,1705,
N81,EU27_2020,GE250,2023,1757,
N81,EU27_2020,GE250,2024,1881,
N81,EU27_2020,TOTAL,2021,587845,
N81,EU27_2020,TOTAL,2022,627656,
N81,EU27_2020,TOTAL,2023,664346,
N81,EU27_2020,TOTAL,2024,720553,
N81,FR,0-9,2021,103721,b
N81,FR,0-9,2022,122743,
N81,FR,0-9,2023,141693,
N81,FR,0-9,2024,161375,
N81,FR,0_1,2021,86334,b
N81,FR,0_1,2022,104826,
N81,FR,0_1,2023,123203,
N81,FR,0_1,2024,140756,
N81,FR,10-19,2021,2921,b
N81,FR,10-19,2022,3052,
N81,FR,10-19,2023,3042,
N81,FR,10-19,2024,3369,
N81,FR,2-9,2021,17387,b
N81,FR,2-9,2022,17917,
N81,FR,2-9,2023,18490,
N81,FR,2-9,2024,20619,
N81,FR,20-49,2021,1861,b
N81,FR,20-49,2022,1913,
N81,FR,20-49,2023,1960,
N81,FR,20-49,2024,2065,
N81,FR,50-249,2021,1001,b
N81,FR,50-249,2022,1010,
N81,FR,50-249,2023,1000,
N81,FR,50-249,2024,1016,
N81,FR,GE250,2021,219,b
N81,FR,GE250,2022,217,
N81,FR,GE250,2023,222,
N81,FR,GE250,2024,223,
N81,FR,TOTAL,2021,109723,b
N81,FR,TOTAL,2022,128935,
N81,FR,TOTAL,2023,147917,
N81,FR,TOTAL,2024,168048,
N81,NL,0-9,2021,34072,
N81,NL,0-9,2022,38124,
N81,NL,0-9,2023,42582,
N81,NL,0-9,2024,47440,
N81,NL,0_1,2021,26700,
N81,NL,0_1,2022,30470,
N81,NL,0_1,2023,34596,
N81,NL,0_1,2024,39034,
N81,NL,10-19,2021,681,
N81,NL,10-19,2022,723,
N81,NL,10-19,2023,727,
N81,NL,10-19,2024,726,
N81,NL,2-9,2021,7372,
N81,NL,2-9,2022,7654,
N81,NL,2-9,2023,7986,
N81,NL,2-9,2024,8406,
N81,NL,20-49,2021,412,
N81,NL,20-49,2022,394,
N81,NL,20-49,2023,402,
N81,NL,20-49,2024,404,
N81,NL,50-249,2021,214,
N81,NL,50-249,2022,222,
N81,NL,50-249,2023,229,
N81,NL,50-249,2024,223,
N81,NL,GE250,2021,46,
N81,NL,GE250,2022,47,
N81,NL,GE250,2023,49,
N81,NL,GE250,2024,45,
N81,NL,TOTAL,2021,35425,
N81,NL,TOTAL,2022,39510,
N81,NL,TOTAL,2023,43989,
N81,NL,TOTAL,2024,48838,
N81,PL,0-9,2021,34749,
N81,PL,0-9,2022,34927,
N81,PL,0-9,2023,35924,
N81,PL,0-9,2024,37560,
N81,PL,0_1,2021,25612,
N81,PL,0_1,2022,25486,
N81,PL,0_1,2023,26271,
N81,PL,0_1,2024,27604,
N81,PL,10-19,2021,673,
N81,PL,10-19,2022,642,
N81,PL,10-19,2023,669,
N81,PL,10-19,2024,707,
N81,PL,2-9,2021,9137,
N81,PL,2-9,2022,9441,
N81,PL,2-9,2023,9653,
N81,PL,2-9,2024,9956,
N81,PL,20-49,2021,394,
N81,PL,20-49,2022,403,
N81,PL,20-49,2023,385,
N81,PL,20-49,2024,386,
N81,PL,50-249,2021,190,
N81,PL,50-249,2022,197,
N81,PL,50-249,2023,199,
N81,PL,50-249,2024,197,
N81,PL,GE250,2021,51,
N81,PL,GE250,2022,45,
N81,PL,GE250,2023,49,
N81,PL,GE250,2024,48,
N81,PL,TOTAL,2021,36057,
N81,PL,TOTAL,2022,36214,
N81,PL,TOTAL,2023,37226,
N81,PL,TOTAL,2024,38898,
N811,DE,0-9,2021,30631,
N811,DE,0-9,2022,32155,
N811,DE,0-9,2023,32924,
N811,DE,0-9,2024,34552,
N811,DE,0_1,2021,15360,
N811,DE,0_1,2022,13577,
N811,DE,0_1,2023,16018,
N811,DE,0_1,2024,14084,
N811,DE,10-19,2021,2007,
N811,DE,10-19,2022,1589,
N811,DE,10-19,2023,1783,
N811,DE,10-19,2024,2028,
N811,DE,2-9,2021,15271,
N811,DE,2-9,2022,18578,
N811,DE,2-9,2023,16906,
N811,DE,2-9,2024,20468,
N811,DE,20-49,2021,615,
N811,DE,20-49,2022,455,
N811,DE,20-49,2023,825,
N811,DE,20-49,2024,767,
N811,DE,50-249,2021,162,
N811,DE,50-249,2022,75,
N811,DE,50-249,2023,143,
N811,DE,50-249,2024,175,
N811,DE,GE250,2021,14,
N811,DE,GE250,2022,15,
N811,DE,GE250,2023,24,
N811,DE,GE250,2024,23,
N811,DE,TOTAL,2021,33429,
N811,DE,TOTAL,2022,34288,
N811,DE,TOTAL,2023,35699,
N811,DE,TOTAL,2024,37545,
N811,ES,0-9,2021,1498,b
N811,ES,0-9,2022,1521,
N811,ES,0-9,2023,1578,
N811,ES,0-9,2024,1575,
N811,ES,0_1,2021,297,b
N811,ES,0_1,2022,290,
N811,ES,0_1,2023,258,
N811,ES,0_1,2024,338,
N811,ES,10-19,2021,214,b
N811,ES,10-19,2022,222,
N811,ES,10-19,2023,242,
N811,ES,10-19,2024,259,
N811,ES,2-9,2021,1201,b
N811,ES,2-9,2022,1231,
N811,ES,2-9,2023,1320,
N811,ES,2-9,2024,1237,
N811,ES,20-49,2021,255,b
N811,ES,20-49,2022,272,
N811,ES,20-49,2023,267,
N811,ES,20-49,2024,272,
N811,ES,50-249,2021,191,b
N811,ES,50-249,2022,210,
N811,ES,50-249,2023,221,
N811,ES,50-249,2024,218,
N811,ES,GE250,2021,30,b
N811,ES,GE250,2022,38,
N811,ES,GE250,2023,42,
N811,ES,GE250,2024,47,
N811,ES,TOTAL,2021,2188,b
N811,ES,TOTAL,2022,2263,
N811,ES,TOTAL,2023,2350,
N811,ES,TOTAL,2024,2371,
N811,EU27_2020,0-9,2021,61200,e
N811,EU27_2020,0-9,2022,63000,e
N811,EU27_2020,0-9,2023,65000,e
N811,EU27_2020,0-9,2024,69504,
N811,EU27_2020,0_1,2021,38000,e
N811,EU27_2020,0_1,2022,36517,
N811,EU27_2020,0_1,2023,40000,e
N811,EU27_2020,0_1,2024,40433,
N811,EU27_2020,10-19,2021,3100,e
N811,EU27_2020,10-19,2022,2794,
N811,EU27_2020,10-19,2023,3000,e
N811,EU27_2020,10-19,2024,3280,e
N811,EU27_2020,2-9,2021,23100,e
N811,EU27_2020,2-9,2022,26700,e
N811,EU27_2020,2-9,2023,25300,e
N811,EU27_2020,2-9,2024,29071,
N811,EU27_2020,20-49,2021,1369,
N811,EU27_2020,20-49,2022,1259,
N811,EU27_2020,20-49,2023,1640,e
N811,EU27_2020,20-49,2024,1589,
N811,EU27_2020,50-249,2021,641,
N811,EU27_2020,50-249,2022,578,
N811,EU27_2020,50-249,2023,670,e
N811,EU27_2020,50-249,2024,740,e
N811,EU27_2020,GE250,2021,120,e
N811,EU27_2020,GE250,2022,130,e
N811,EU27_2020,GE250,2023,151,
N811,EU27_2020,GE250,2024,150,e
N811,EU27_2020,TOTAL,2021,66499,
N811,EU27_2020,TOTAL,2022,67983,
N811,EU27_2020,TOTAL,2023,70791,
N811,EU27_2020,TOTAL,2024,75265,
N811,FR,0-9,2021,703,b
N811,FR,0-9,2022,739,
N811,FR,0-9,2023,741,
N811,FR,0-9,2024,756,
N811,FR,0_1,2021,621,b
N811,FR,0_1,2022,657,
N811,FR,0_1,2023,663,
N811,FR,0_1,2024,672,
N811,FR,10-19,2021,16,b
N811,FR,10-19,2022,22,
N811,FR,10-19,2023,10,
N811,FR,10-19,2024,8,
N811,FR,2-9,2021,82,b
N811,FR,2-9,2022,82,
N811,FR,2-9,2023,78,
N811,FR,2-9,2024,84,
N811,FR,20-49,2021,12,b
N811,FR,20-49,2022,11,
N811,FR,20-49,2023,12,
N811,FR,20-49,2024,9,
N811,FR,50-249,2021,3,b
N811,FR,50-249,2022,3,
N811,FR,50-249,2023,,|C
N811,FR,50-249,2024,6,
N811,FR,GE250,2021,0,b
N811,FR,GE250,2022,0,
N811,FR,GE250,2023,,|C
N811,FR,GE250,2024,0,
N811,FR,TOTAL,2021,734,b
N811,FR,TOTAL,2022,775,
N811,FR,TOTAL,2023,772,
N811,FR,TOTAL,2024,779,
N811,NL,0-9,2021,1260,
N811,NL,0-9,2022,1403,
N811,NL,0-9,2023,1600,
N811,NL,0-9,2024,1835,
N811,NL,0_1,2021,1084,
N811,NL,0_1,2022,1221,
N811,NL,0_1,2023,1406,
N811,NL,0_1,2024,1625,
N811,NL,10-19,2021,22,
N811,NL,10-19,2022,27,
N811,NL,10-19,2023,32,
N811,NL,10-19,2024,34,
N811,NL,2-9,2021,176,
N811,NL,2-9,2022,182,
N811,NL,2-9,2023,194,
N811,NL,2-9,2024,210,
N811,NL,20-49,2021,14,
N811,NL,20-49,2022,12,
N811,NL,20-49,2023,15,
N811,NL,20-49,2024,17,
N811,NL,50-249,2021,6,
N811,NL,50-249,2022,5,
N811,NL,50-249,2023,7,
N811,NL,50-249,2024,7,
N811,NL,GE250,2021,5,
N811,NL,GE250,2022,5,
N811,NL,GE250,2023,5,
N811,NL,GE250,2024,4,
N811,NL,TOTAL,2021,1307,
N811,NL,TOTAL,2022,1452,
N811,NL,TOTAL,2023,1659,
N811,NL,TOTAL,2024,1897,
N811,PL,0-9,2021,2951,
N811,PL,0-9,2022,2789,
N811,PL,0-9,2023,2720,
N811,PL,0-9,2024,2695,
N811,PL,0_1,2021,2204,
N811,PL,0_1,2022,2033,
N811,PL,0_1,2023,1974,
N811,PL,0_1,2024,1931,
N811,PL,10-19,2021,42,
N811,PL,10-19,2022,37,
N811,PL,10-19,2023,42,
N811,PL,10-19,2024,46,
N811,PL,2-9,2021,747,
N811,PL,2-9,2022,756,
N811,PL,2-9,2023,746,
N811,PL,2-9,2024,764,
N811,PL,20-49,2021,20,
N811,PL,20-49,2022,19,
N811,PL,20-49,2023,14,
N811,PL,20-49,2024,16,
N811,PL,50-249,2021,6,
N811,PL,50-249,2022,9,
N811,PL,50-249,2023,8,
N811,PL,50-249,2024,8,
N811,PL,GE250,2021,1,
N811,PL,GE250,2022,1,
N811,PL,GE250,2023,2,
N811,PL,GE250,2024,1,
N811,PL,TOTAL,2021,3020,
N811,PL,TOTAL,2022,2855,
N811,PL,TOTAL,2023,2786,
N811,PL,TOTAL,2024,2766,
N812,DE,0-9,2021,34743,
N812,DE,0-9,2022,36063,
N812,DE,0-9,2023,37885,
N812,DE,0-9,2024,40625,
N812,DE,0_1,2021,9336,
N812,DE,0_1,2022,8364,
N812,DE,0_1,2023,10505,
N812,DE,0_1,2024,8135,
N812,DE,10-19,2021,4643,
N812,DE,10-19,2022,4793,
N812,DE,10-19,2023,5077,
N812,DE,10-19,2024,5054,
N812,DE,2-9,2021,25407,
N812,DE,2-9,2022,27699,
N812,DE,2-9,2023,27380,
N812,DE,2-9,2024,32490,
N812,DE,20-49,2021,3010,
N812,DE,20-49,2022,3346,
N812,DE,20-49,2023,3273,
N812,DE,20-49,2024,3525,
N812,DE,50-249,2021,2099,
N812,DE,50-249,2022,1992,
N812,DE,50-249,2023,2032,
N812,DE,50-249,2024,2121,
N812,DE,GE250,2021,543,
N812,DE,GE250,2022,412,
N812,DE,GE250,2023,417,
N812,DE,GE250,2024,513,
N812,DE,TOTAL,2021,45037,
N812,DE,TOTAL,2022,46608,
N812,DE,TOTAL,2023,48684,
N812,DE,TOTAL,2024,51838,
N812,ES,0-9,2021,32771,b
N812,ES,0-9,2022,34635,
N812,ES,0-9,2023,35582,
N812,ES,0-9,2024,36507,
N812,ES,0_1,2021,19628,b
N812,ES,0_1,2022,22252,
N812,ES,0_1,2023,22708,
N812,ES,0_1,2024,23660,
N812,ES,10-19,2021,2317,b
N812,ES,10-19,2022,2258,
N812,ES,10-19,2023,2201,
N812,ES,10-19,2024,2319,
N812,ES,2-9,2021,13143,b
N812,ES,2-9,2022,12383,
N812,ES,2-9,2023,12874,
N812,ES,2-9,2024,12847,
N812,ES,20-49,2021,1580,b
N812,ES,20-49,2022,1585,
N812,ES,20-49,2023,1660,
N812,ES,20-49,2024,1682,
N812,ES,50-249,2021,775,b
N812,ES,50-249,2022,760,
N812,ES,50-249,2023,787,
N812,ES,50-249,2024,805,
N812,ES,GE250,2021,189,b
N812,ES,GE250,2022,211,
N812,ES,GE250,2023,211,
N812,ES,GE250,2024,220,
N812,ES,TOTAL,2021,37633,b
N812,ES,TOTAL,2022,39449,
N812,ES,TOTAL,2023,40442,
N812,ES,TOTAL,2024,41533,
N812,EU27_2020,0-9,2021,300000,e
N812,EU27_2020,0-9,2022,329652,
N812,EU27_2020,0-9,2023,,|C
N812,EU27_2020,0-9,2024,398515,
N812,EU27_2020,0_1,2021,210000,e
N812,EU27_2020,0_1,2022,236229,
N812,EU27_2020,0_1,2023,,|C
N812,EU27_2020,0_1,2024,296656,
N812,EU27_2020,10-19,2021,,|C
N812,EU27_2020,10-19,2022,16000,e
N812,EU27_2020,10-19,2023,16000,e
N812,EU27_2020,10-19,2024,16538,
N812,EU27_2020,2-9,2021,90929,
N812,EU27_2020,2-9,2022,93423,
N812,EU27_2020,2-9,2023,90000,e
N812,EU27_2020,2-9,2024,101859,
N812,EU27_2020,20-49,2021,10448,
N812,EU27_2020,20-49,2022,10900,e
N812,EU27_2020,20-49,2023,11000,e
N812,EU27_2020,20-49,2024,11232,
N812,EU27_2020,50-249,2021,6383,
N812,EU27_2020,50-249,2022,6336,
N812,EU27_2020,50-249,2023,6468,
N812,EU27_2020,50-249,2024,6511,
N812,EU27_2020,GE250,2021,1627,
N812,EU27_2020,GE250,2022,1527,
N812,EU27_2020,GE250,2023,1552,
N812,EU27_2020,GE250,2024,1669,
N812,EU27_2020,TOTAL,2021,333706,
N812,EU27_2020,TOTAL,2022,364369,
N812,EU27_2020,TOTAL,2023,395268,
N812,EU27_2020,TOTAL,2024,434465,
N812,FR,0-9,2021,70110,b
N812,FR,0-9,2022,87851,
N812,FR,0-9,2023,105922,
N812,FR,0-9,2024,123977,
N812,FR,0_1,2021,63200,b
N812,FR,0_1,2022,80639,
N812,FR,0_1,2023,98457,
N812,FR,0_1,2024,115696,
N812,FR,10-19,2021,1881,b
N812,FR,10-19,2022,1924,
N812,FR,10-19,2023,1910,
N812,FR,10-19,2024,2090,
N812,FR,2-9,2021,6910,b
N812,FR,2-9,2022,7212,
N812,FR,2-9,2023,7465,
N812,FR,2-9,2024,8281,
N812,FR,20-49,2021,1389,b
N812,FR,20-49,2022,1433,
N812,FR,20-49,2023,1445,
N812,FR,20-49,2024,1495,
N812,FR,50-249,2021,876,b
N812,FR,50-249,2022,886,
N812,FR,50-249,2023,859,
N812,FR,50-249,2024,871,
N812,FR,GE250,2021,206,b
N812,FR,GE250,2022,207,
N812,FR,GE250,2023,209,
N812,FR,GE250,2024,210,
N812,FR,TOTAL,2021,74462,b
N812,FR,TOTAL,2022,92301,
N812,FR,TOTAL,2023,110345,
N812,FR,TOTAL,2024,128643,
N812,NL,0-9,2021,19629,
N812,NL,0-9,2022,22477,
N812,NL,0-9,2023,25806,
N812,NL,0-9,2024,29423,
N812,NL,0_1,2021,15462,
N812,NL,0_1,2022,18151,
N812,NL,0_1,2023,21249,
N812,NL,0_1,2024,24488,
N812,NL,10-19,2021,418,
N812,NL,10-19,2022,435,
N812,NL,10-19,2023,431,
N812,NL,10-19,2024,415,
N812,NL,2-9,2021,4167,
N812,NL,2-9,2022,4326,
N812,NL,2-9,2023,4557,
N812,NL,2-9,2024,4935,
N812,NL,20-49,2021,289,
N812,NL,20-49,2022,266,
N812,NL,20-49,2023,268,
N812,NL,20-49,2024,266,
N812,NL,50-249,2021,156,
N812,NL,50-249,2022,165,
N812,NL,50-249,2023,170,
N812,NL,50-249,2024,165,
N812,NL,GE250,2021,36,
N812,NL,GE250,2022,36,
N812,NL,GE250,2023,38,
N812,NL,GE250,2024,34,
N812,NL,TOTAL,2021,20528,
N812,NL,TOTAL,2022,23379,
N812,NL,TOTAL,2023,26713,
N812,NL,TOTAL,2024,30303,
N812,PL,0-9,2021,20739,
N812,PL,0-9,2022,20649,
N812,PL,0-9,2023,21443,
N812,PL,0-9,2024,22429,
N812,PL,0_1,2021,15754,
N812,PL,0_1,2022,15481,
N812,PL,0_1,2023,16165,
N812,PL,0_1,2024,17043,
N812,PL,10-19,2021,381,
N812,PL,10-19,2022,356,
N812,PL,10-19,2023,362,
N812,PL,10-19,2024,386,
N812,PL,2-9,2021,4985,
N812,PL,2-9,2022,5168,
N812,PL,2-9,2023,5278,
N812,PL,2-9,2024,5386,
N812,PL,20-49,2021,273,
N812,PL,20-49,2022,281,
N812,PL,20-49,2023,266,
N812,PL,20-49,2024,267,
N812,PL,50-249,2021,156,
N812,PL,50-249,2022,163,
N812,PL,50-249,2023,168,
N812,PL,50-249,2024,165,
N812,PL,GE250,2021,49,
N812,PL,GE250,2022,43,
N812,PL,GE250,2023,46,
N812,PL,GE250,2024,46,
N812,PL,TOTAL,2021,21598,
N812,PL,TOTAL,2022,21492,
N812,PL,TOTAL,2023,22285,
N812,PL,TOTAL,2024,23293,
